"fish_sample_id","impoundment_code","sample_date","gear_description","location","units_of_effort","effort_description","species","length","length_category","weight","group_count"
"93330","MILR","2022-10-27","GILL NET-CORE PANEL","Sample Grid #419","18.00000","Hours","Freshwater Drum","338","Q-P","441","1"
"93304","CHNR","2022-10-18","GILL NET-CORE PANEL","Sample Grid #310","20.00000","Hours","Freshwater Drum","314","Q-P","","1"
"93304","CHNR","2022-10-18","GILL NET-CORE PANEL","Sample Grid #310","20.00000","Hours","Freshwater Drum","314","Q-P","","1"
"93299","TCRR","2022-10-26","GILL NET-CORE PANEL","Sample Grid #154","24.00000","Hours","Freshwater Drum","390","P-M","765","1"
"93299","TCRR","2022-10-26","GILL NET-CORE PANEL","Sample Grid #154","24.00000","Hours","Freshwater Drum","375","Q-P","622","1"
"93299","TCRR","2022-10-26","GILL NET-CORE PANEL","Sample Grid #154","24.00000","Hours","Freshwater Drum","130","SS","","1"
"93298","TCRR","2022-10-26","GILL NET-CORE PANEL","Sample Grid #209","24.00000","Hours","Freshwater Drum","398","P-M","812","1"
"93297","TCRR","2022-10-26","GILL NET-CORE PANEL","Sample Grid #210","24.00000","Hours","Freshwater Drum","171","SS","67","1"
"93285","TCRR","2022-10-25","GILL NET-CORE PANEL","Sample Grid #134","24.00000","Hours","Freshwater Drum","401","P-M","770","1"
"93284","TCRR","2022-10-25","GILL NET-CORE PANEL","Sample Grid #125","24.00000","Hours","Freshwater Drum","412","P-M","1039","1"
"93284","TCRR","2022-10-25","GILL NET-CORE PANEL","Sample Grid #125","24.00000","Hours","Freshwater Drum","389","P-M","720","1"
"93284","TCRR","2022-10-25","GILL NET-CORE PANEL","Sample Grid #125","24.00000","Hours","Freshwater Drum","405","P-M","766","1"
"93284","TCRR","2022-10-25","GILL NET-CORE PANEL","Sample Grid #125","24.00000","Hours","Freshwater Drum","423","P-M","897","1"
"93284","TCRR","2022-10-25","GILL NET-CORE PANEL","Sample Grid #125","24.00000","Hours","Freshwater Drum","374","Q-P","603","1"
"93284","TCRR","2022-10-25","GILL NET-CORE PANEL","Sample Grid #125","24.00000","Hours","Freshwater Drum","415","P-M","838","1"
"93284","TCRR","2022-10-25","GILL NET-CORE PANEL","Sample Grid #125","24.00000","Hours","Freshwater Drum","420","P-M","890","1"
"93282","TCRR","2022-10-25","GILL NET-CORE PANEL","Sample Grid #185","24.00000","Hours","Freshwater Drum","147","SS","33","1"
"93282","TCRR","2022-10-25","GILL NET-CORE PANEL","Sample Grid #185","24.00000","Hours","Freshwater Drum","313","Q-P","357","1"
"93282","TCRR","2022-10-25","GILL NET-CORE PANEL","Sample Grid #185","24.00000","Hours","Freshwater Drum","265","S-Q","227","1"
"93282","TCRR","2022-10-25","GILL NET-CORE PANEL","Sample Grid #185","24.00000","Hours","Freshwater Drum","272","S-Q","223","1"
"93281","TCRR","2022-10-25","GILL NET-CORE PANEL","Sample Grid #172","24.00000","Hours","Freshwater Drum","439","P-M","871","1"
"93281","TCRR","2022-10-25","GILL NET-CORE PANEL","Sample Grid #172","24.00000","Hours","Freshwater Drum","152","SS","36","1"
"93281","TCRR","2022-10-25","GILL NET-CORE PANEL","Sample Grid #172","24.00000","Hours","Freshwater Drum","273","S-Q","217","1"
"93270","TCRR","2022-10-21","GILL NET-CORE PANEL","Sample Grid #401","24.00000","Hours","Freshwater Drum","420","P-M","860","1"
"93269","TCRR","2022-10-21","GILL NET-CORE PANEL","Sample Grid #275","24.00000","Hours","Freshwater Drum","167","SS","64","1"
"93268","TCRR","2022-10-21","GILL NET-CORE PANEL","Sample Grid #260","24.00000","Hours","Freshwater Drum","344","Q-P","492","1"
"93266","TCRR","2022-10-21","GILL NET-CORE PANEL","Sample Grid #421","24.00000","Hours","Freshwater Drum","398","P-M","890","1"
"93260","JRDR","2022-10-27","GILL NET-CORE PANEL","Sample Grid #248","20.00000","Hours","Freshwater Drum","215","S-Q","88","1"
"93257","JRDR","2022-10-27","GILL NET-CORE PANEL","Sample Grid #335","20.00000","Hours","Freshwater Drum","255","S-Q","178","1"
"93254","JRDR","2022-10-27","GILL NET-CORE PANEL","Sample Grid #369","19.00000","Hours","Freshwater Drum","440","P-M","","1"
"93254","JRDR","2022-10-27","GILL NET-CORE PANEL","Sample Grid #369","19.00000","Hours","Freshwater Drum","415","P-M","","1"
"93216","MILR","2022-10-25","GILL NET-CORE PANEL","Sample Grid #209","18.00000","Hours","Freshwater Drum","266","S-Q","191","1"
"93215","MILR","2022-10-25","GILL NET-CORE PANEL","Sample Grid #193","18.00000","Hours","Freshwater Drum","137","SS","26","1"
"93214","MILR","2022-10-25","GILL NET-CORE PANEL","Sample Grid #131","18.00000","Hours","Freshwater Drum","335","Q-P","407","1"
"93214","MILR","2022-10-25","GILL NET-CORE PANEL","Sample Grid #131","18.00000","Hours","Freshwater Drum","135","SS","22","1"
"93213","MILR","2022-10-25","GILL NET-CORE PANEL","Sample Grid #124","18.00000","Hours","Freshwater Drum","249","S-Q","182","1"
"93200","JRDR","2022-10-20","GILL NET-CORE PANEL","Sample Grid #224","21.00000","Hours","Freshwater Drum","320","Q-P","354","1"
"93198","JRDR","2022-10-20","GILL NET-CORE PANEL","Sample Grid #438","20.00000","Hours","Freshwater Drum","190","SS","","1"
"93198","JRDR","2022-10-20","GILL NET-CORE PANEL","Sample Grid #438","20.00000","Hours","Freshwater Drum","450","P-M","1282","1"
"93197","JRDR","2022-10-20","GILL NET-CORE PANEL","Sample Grid #495","20.00000","Hours","Freshwater Drum","170","SS","","1"
"93190","JRDR","2022-10-19","GILL NET-CORE PANEL","Sample Grid #576","21.00000","Hours","Freshwater Drum","186","SS","60","1"
"93188","JRDR","2022-10-19","GILL NET-CORE PANEL","Sample Grid #542","21.00000","Hours","Freshwater Drum","391","P-M","766","1"
"93184","JRDR","2022-10-19","GILL NET-CORE PANEL","Sample Grid #518","20.00000","Hours","Freshwater Drum","170","SS","54","1"
"93182","SNCA","2022-10-13","GILL NET-CORE PANEL","Sample Grid #83","15.00000","Hours","Freshwater Drum","307","Q-P","306","1"
"93182","SNCA","2022-10-13","GILL NET-CORE PANEL","Sample Grid #83","15.00000","Hours","Freshwater Drum","292","S-Q","254","1"
"93181","JRDR","2022-10-19","GILL NET-CORE PANEL","Sample Grid #558","19.00000","Hours","Freshwater Drum","425","P-M","960","1"
"93177","SNCA","2022-10-13","GILL NET-CORE PANEL","Sample Grid #184","15.00000","Hours","Freshwater Drum","280","S-Q","234","1"
"93176","SNCA","2022-10-13","GILL NET-CORE PANEL","Sample Grid #226","15.00000","Hours","Freshwater Drum","310","Q-P","324","1"
"93079","CGRR","2022-10-20","GILL NET-CORE PANEL","Sample Grid #122","18.00000","Hours","Freshwater Drum","294","S-Q","288","1"
"93079","CGRR","2022-10-20","GILL NET-CORE PANEL","Sample Grid #122","18.00000","Hours","Freshwater Drum","399","P-M","769","1"
"93078","CGRR","2022-10-20","GILL NET-CORE PANEL","Sample Grid #157","18.00000","Hours","Freshwater Drum","228","S-Q","130","1"
"93077","CGRR","2022-10-20","GILL NET-CORE PANEL","Sample Grid #163","18.00000","Hours","Freshwater Drum","187","SS","77","1"
"93067","CGRR","2022-10-19","GILL NET-CORE PANEL","Sample Grid #106","18.00000","Hours","Freshwater Drum","377","Q-P","614","1"
"93019","MNCL","2022-10-11","GILL NET-CORE PANEL","Sample Grid #95","18.00000","Hours","Freshwater Drum","345","Q-P","385","1"
"93018","MNCL","2022-10-11","GILL NET-CORE PANEL","Sample Grid #87","18.00000","Hours","Freshwater Drum","330","Q-P","374","1"
"93018","MNCL","2022-10-11","GILL NET-CORE PANEL","Sample Grid #87","18.00000","Hours","Freshwater Drum","342","Q-P","418","1"
"93018","MNCL","2022-10-11","GILL NET-CORE PANEL","Sample Grid #87","18.00000","Hours","Freshwater Drum","311","Q-P","316","1"
"93018","MNCL","2022-10-11","GILL NET-CORE PANEL","Sample Grid #87","18.00000","Hours","Freshwater Drum","342","Q-P","380","1"
"93018","MNCL","2022-10-11","GILL NET-CORE PANEL","Sample Grid #87","18.00000","Hours","Freshwater Drum","355","Q-P","470","1"
"93017","MNCL","2022-10-11","GILL NET-CORE PANEL","Sample Grid #26","18.00000","Hours","Freshwater Drum","320","Q-P","321","1"
"93008","HVCA","2022-10-07","GILL NET-CORE PANEL","Sample Grid #106","20.00000","Hours","Freshwater Drum","335","Q-P","408","1"
"93008","HVCA","2022-10-07","GILL NET-CORE PANEL","Sample Grid #106","20.00000","Hours","Freshwater Drum","141","SS","28","1"
"93008","HVCA","2022-10-07","GILL NET-CORE PANEL","Sample Grid #106","20.00000","Hours","Freshwater Drum","309","Q-P","252","1"
"93008","HVCA","2022-10-07","GILL NET-CORE PANEL","Sample Grid #106","20.00000","Hours","Freshwater Drum","384","P-M","756","1"
"93008","HVCA","2022-10-07","GILL NET-CORE PANEL","Sample Grid #106","20.00000","Hours","Freshwater Drum","141","SS","40","1"
"93008","HVCA","2022-10-07","GILL NET-CORE PANEL","Sample Grid #106","20.00000","Hours","Freshwater Drum","303","Q-P","228","1"
"93008","HVCA","2022-10-07","GILL NET-CORE PANEL","Sample Grid #106","20.00000","Hours","Freshwater Drum","325","Q-P","362","1"
"93004","HVCA","2022-10-07","GILL NET-CORE PANEL","Sample Grid #97","19.00000","Hours","Freshwater Drum","354","Q-P","536","1"
"93004","HVCA","2022-10-07","GILL NET-CORE PANEL","Sample Grid #97","19.00000","Hours","Freshwater Drum","271","S-Q","213","1"
"93004","HVCA","2022-10-07","GILL NET-CORE PANEL","Sample Grid #97","19.00000","Hours","Freshwater Drum","331","Q-P","406","1"
"93004","HVCA","2022-10-07","GILL NET-CORE PANEL","Sample Grid #97","19.00000","Hours","Freshwater Drum","259","S-Q","177","1"
"93001","HVCA","2022-10-06","GILL NET-CORE PANEL","Sample Grid #79","22.00000","Hours","Freshwater Drum","321","Q-P","381","1"
"93001","HVCA","2022-10-06","GILL NET-CORE PANEL","Sample Grid #79","22.00000","Hours","Freshwater Drum","323","Q-P","424","1"
"93001","HVCA","2022-10-06","GILL NET-CORE PANEL","Sample Grid #79","22.00000","Hours","Freshwater Drum","139","SS","36","1"
"93001","HVCA","2022-10-06","GILL NET-CORE PANEL","Sample Grid #79","22.00000","Hours","Freshwater Drum","296","S-Q","304","1"
"92999","HVCA","2022-10-06","GILL NET-CORE PANEL","Sample Grid #63","21.00000","Hours","Freshwater Drum","341","Q-P","496","1"
"92999","HVCA","2022-10-06","GILL NET-CORE PANEL","Sample Grid #63","21.00000","Hours","Freshwater Drum","415","P-M","958","1"
"92998","HVCA","2022-10-06","GILL NET-CORE PANEL","Sample Grid #65","20.00000","Hours","Freshwater Drum","303","Q-P","307","1"
"92998","HVCA","2022-10-06","GILL NET-CORE PANEL","Sample Grid #65","20.00000","Hours","Freshwater Drum","332","Q-P","438","1"
"92998","HVCA","2022-10-06","GILL NET-CORE PANEL","Sample Grid #65","20.00000","Hours","Freshwater Drum","336","Q-P","445","1"
"92998","HVCA","2022-10-06","GILL NET-CORE PANEL","Sample Grid #65","20.00000","Hours","Freshwater Drum","408","P-M","904","1"
"92998","HVCA","2022-10-06","GILL NET-CORE PANEL","Sample Grid #65","20.00000","Hours","Freshwater Drum","331","Q-P","414","1"
"92998","HVCA","2022-10-06","GILL NET-CORE PANEL","Sample Grid #65","20.00000","Hours","Freshwater Drum","414","P-M","912","1"
"92998","HVCA","2022-10-06","GILL NET-CORE PANEL","Sample Grid #65","20.00000","Hours","Freshwater Drum","321","Q-P","365","1"
"92998","HVCA","2022-10-06","GILL NET-CORE PANEL","Sample Grid #65","20.00000","Hours","Freshwater Drum","403","P-M","831","1"
"92998","HVCA","2022-10-06","GILL NET-CORE PANEL","Sample Grid #65","20.00000","Hours","Freshwater Drum","328","Q-P","425","1"
"92998","HVCA","2022-10-06","GILL NET-CORE PANEL","Sample Grid #65","20.00000","Hours","Freshwater Drum","326","Q-P","442","1"
"92998","HVCA","2022-10-06","GILL NET-CORE PANEL","Sample Grid #65","20.00000","Hours","Freshwater Drum","341","Q-P","420","1"
"92997","HVCA","2022-10-06","GILL NET-CORE PANEL","Sample Grid #52","20.00000","Hours","Freshwater Drum","424","P-M","867","1"
"92997","HVCA","2022-10-06","GILL NET-CORE PANEL","Sample Grid #52","20.00000","Hours","Freshwater Drum","336","Q-P","444","1"
"92997","HVCA","2022-10-06","GILL NET-CORE PANEL","Sample Grid #52","20.00000","Hours","Freshwater Drum","360","Q-P","648","1"
"92997","HVCA","2022-10-06","GILL NET-CORE PANEL","Sample Grid #52","20.00000","Hours","Freshwater Drum","345","Q-P","486","1"
"92997","HVCA","2022-10-06","GILL NET-CORE PANEL","Sample Grid #52","20.00000","Hours","Freshwater Drum","303","Q-P","313","1"
"92997","HVCA","2022-10-06","GILL NET-CORE PANEL","Sample Grid #52","20.00000","Hours","Freshwater Drum","315","Q-P","366","1"
"92997","HVCA","2022-10-06","GILL NET-CORE PANEL","Sample Grid #52","20.00000","Hours","Freshwater Drum","379","Q-P","618","1"
"92997","HVCA","2022-10-06","GILL NET-CORE PANEL","Sample Grid #52","20.00000","Hours","Freshwater Drum","321","Q-P","397","1"
"92994","HVCA","2022-10-06","GILL NET-CORE PANEL","Sample Grid #29","19.00000","Hours","Freshwater Drum","139","SS","28","1"
"92981","CBCL","2022-10-06","GILL NET-CORE PANEL","Sample Grid #131","18.00000","Hours","Freshwater Drum","283","S-Q","234","1"
"92981","CBCL","2022-10-06","GILL NET-CORE PANEL","Sample Grid #131","18.00000","Hours","Freshwater Drum","250","S-Q","146","1"
"92981","CBCL","2022-10-06","GILL NET-CORE PANEL","Sample Grid #131","18.00000","Hours","Freshwater Drum","242","S-Q","130","1"
"92980","CBCL","2022-10-06","GILL NET-CORE PANEL","Sample Grid #105","18.00000","Hours","Freshwater Drum","278","S-Q","254","1"
"92980","CBCL","2022-10-06","GILL NET-CORE PANEL","Sample Grid #105","18.00000","Hours","Freshwater Drum","319","Q-P","342","1"
"92980","CBCL","2022-10-06","GILL NET-CORE PANEL","Sample Grid #105","18.00000","Hours","Freshwater Drum","349","Q-P","468","1"
"92980","CBCL","2022-10-06","GILL NET-CORE PANEL","Sample Grid #105","18.00000","Hours","Freshwater Drum","309","Q-P","306","1"
"92980","CBCL","2022-10-06","GILL NET-CORE PANEL","Sample Grid #105","18.00000","Hours","Freshwater Drum","236","S-Q","124","1"
"92980","CBCL","2022-10-06","GILL NET-CORE PANEL","Sample Grid #105","18.00000","Hours","Freshwater Drum","331","Q-P","360","1"
"92980","CBCL","2022-10-06","GILL NET-CORE PANEL","Sample Grid #105","18.00000","Hours","Freshwater Drum","289","S-Q","254","1"
"92980","CBCL","2022-10-06","GILL NET-CORE PANEL","Sample Grid #105","18.00000","Hours","Freshwater Drum","130","SS","18","1"
"92980","CBCL","2022-10-06","GILL NET-CORE PANEL","Sample Grid #105","18.00000","Hours","Freshwater Drum","138","SS","22","1"
"92969","CBCL","2022-10-06","GILL NET-CORE PANEL","Sample Grid #91","18.00000","Hours","Freshwater Drum","305","Q-P","294","1"
"92966","CRSL","2022-10-06","GILL NET-CORE PANEL","Sample Grid #34","21.50000","Hours","Freshwater Drum","322","Q-P","319","1"
"92965","CRSL","2022-10-06","GILL NET-CORE PANEL","Sample Grid #29","21.00000","Hours","Freshwater Drum","338","Q-P","338","1"
"92965","CRSL","2022-10-06","GILL NET-CORE PANEL","Sample Grid #29","21.00000","Hours","Freshwater Drum","313","Q-P","302","1"
"92964","CRSL","2022-10-06","GILL NET-CORE PANEL","Sample Grid #75","20.50000","Hours","Freshwater Drum","322","Q-P","364","1"
"92963","CRSL","2022-10-06","GILL NET-CORE PANEL","Sample Grid #104","20.00000","Hours","Freshwater Drum","308","Q-P","344","1"
"92940","CGCL","2022-10-06","GILL NET-CORE PANEL","Sample Grid #124","20.00000","Hours","Freshwater Drum","250","S-Q","","1"
"92935","CGCL","2022-10-06","GILL NET-CORE PANEL","Sample Grid #208","20.00000","Hours","Freshwater Drum","190","SS","","1"
"92913","HRCA","2022-10-04","GILL NET-CORE PANEL","Sample Grid #225","20.00000","Hours","Freshwater Drum","375","Q-P","458","1"
"92775","TCRP","2022-09-17","GILL NET-CORE PANEL","Sample Grid #79","24.00000","Hours","Freshwater Drum","149","SS","","1"
"92775","TCRP","2022-09-17","GILL NET-CORE PANEL","Sample Grid #79","24.00000","Hours","Freshwater Drum","164","SS","","1"
"92775","TCRP","2022-09-17","GILL NET-CORE PANEL","Sample Grid #79","24.00000","Hours","Freshwater Drum","146","SS","","1"
"92775","TCRP","2022-09-17","GILL NET-CORE PANEL","Sample Grid #79","24.00000","Hours","Freshwater Drum","236","S-Q","","1"
"92775","TCRP","2022-09-17","GILL NET-CORE PANEL","Sample Grid #79","24.00000","Hours","Freshwater Drum","146","SS","","1"
"92772","TCRP","2022-09-17","GILL NET-CORE PANEL","Sample Grid #17","24.00000","Hours","Freshwater Drum","152","SS","41","1"
"92772","TCRP","2022-09-17","GILL NET-CORE PANEL","Sample Grid #17","24.00000","Hours","Freshwater Drum","142","SS","36","1"
"92772","TCRP","2022-09-17","GILL NET-CORE PANEL","Sample Grid #17","24.00000","Hours","Freshwater Drum","160","SS","43","1"
"92772","TCRP","2022-09-17","GILL NET-CORE PANEL","Sample Grid #17","24.00000","Hours","Freshwater Drum","145","SS","30","1"
"92772","TCRP","2022-09-17","GILL NET-CORE PANEL","Sample Grid #17","24.00000","Hours","Freshwater Drum","169","SS","28","1"
"92772","TCRP","2022-09-17","GILL NET-CORE PANEL","Sample Grid #17","24.00000","Hours","Freshwater Drum","150","SS","46","1"
"92772","TCRP","2022-09-17","GILL NET-CORE PANEL","Sample Grid #17","24.00000","Hours","Freshwater Drum","136","SS","33","1"
"92771","TCRP","2022-09-17","GILL NET-CORE PANEL","Sample Grid #91","24.00000","Hours","Freshwater Drum","292","S-Q","305","1"
"92753","TCRP","2022-09-17","GILL NET-CORE PANEL","Sample Grid #41","24.00000","Hours","Freshwater Drum","160","SS","37","1"
"91075","MNCL","2021-09-28","GILL NET-CORE PANEL","Sample Grid #89","18.00000","Hours","Freshwater Drum","370","Q-P","","1"
"91075","MNCL","2021-09-28","GILL NET-CORE PANEL","Sample Grid #89","18.00000","Hours","Freshwater Drum","343","Q-P","400","1"
"91075","MNCL","2021-09-28","GILL NET-CORE PANEL","Sample Grid #89","18.00000","Hours","Freshwater Drum","300","Q-P","290","1"
"91075","MNCL","2021-09-28","GILL NET-CORE PANEL","Sample Grid #89","18.00000","Hours","Freshwater Drum","350","Q-P","","1"
"91074","MNCL","2021-09-28","GILL NET-CORE PANEL","Sample Grid #11","18.00000","Hours","Freshwater Drum","330","Q-P","","1"
"91073","MNCL","2021-09-28","GILL NET-CORE PANEL","Sample Grid #36","18.00000","Hours","Freshwater Drum","330","Q-P","","1"
"91072","MNCL","2021-09-28","GILL NET-CORE PANEL","Sample Grid #56","18.00000","Hours","Freshwater Drum","270","S-Q","","1"
"91044","WECA","2021-10-12","GILL NET-CORE PANEL","Sample Grid #51","18.00000","Hours","Freshwater Drum","150","SS","29","1"
"91044","WECA","2021-10-12","GILL NET-CORE PANEL","Sample Grid #51","18.00000","Hours","Freshwater Drum","337","Q-P","386","1"
"91042","WECA","2021-10-12","GILL NET-CORE PANEL","Sample Grid #11","18.00000","Hours","Freshwater Drum","272","S-Q","194","1"
"91041","WECA","2021-10-12","GILL NET-CORE PANEL","Sample Grid #178","18.00000","Hours","Freshwater Drum","342","Q-P","439","1"
"91040","WECA","2021-10-12","GILL NET-CORE PANEL","Sample Grid #130","18.00000","Hours","Freshwater Drum","175","SS","52","1"
"91040","WECA","2021-10-12","GILL NET-CORE PANEL","Sample Grid #130","18.00000","Hours","Freshwater Drum","260","S-Q","180","1"
"91025","POCL","2021-11-09","GILL NET-CORE PANEL","Sample Grid #88","20.00000","Hours","Freshwater Drum","272","S-Q","220","1"
"91025","POCL","2021-11-09","GILL NET-CORE PANEL","Sample Grid #88","20.00000","Hours","Freshwater Drum","271","S-Q","205","1"
"91023","POCL","2021-11-09","GILL NET-CORE PANEL","Sample Grid #115","20.00000","Hours","Freshwater Drum","225","S-Q","118","1"
"91022","CSSL","2021-10-14","GILL NET-CORE PANEL","Sample Grid #15","18.00000","Hours","Freshwater Drum","335","Q-P","420","1"
"91014","MISL","2021-11-05","GILL NET-CORE PANEL","Sample Grid #7","20.00000","Hours","Freshwater Drum","355","Q-P","474","1"
"91008","MISL","2021-11-05","GILL NET-CORE PANEL","Sample Grid #20","20.00000","Hours","Freshwater Drum","351","Q-P","453","1"
"90988","HVCA","2021-10-07","GILL NET-CORE PANEL","Sample Grid #89","23.00000","Hours","Freshwater Drum","279","S-Q","272","1"
"90988","HVCA","2021-10-07","GILL NET-CORE PANEL","Sample Grid #89","23.00000","Hours","Freshwater Drum","305","Q-P","376","1"
"90988","HVCA","2021-10-07","GILL NET-CORE PANEL","Sample Grid #89","23.00000","Hours","Freshwater Drum","309","Q-P","305","1"
"90988","HVCA","2021-10-07","GILL NET-CORE PANEL","Sample Grid #89","23.00000","Hours","Freshwater Drum","377","Q-P","581","1"
"90988","HVCA","2021-10-07","GILL NET-CORE PANEL","Sample Grid #89","23.00000","Hours","Freshwater Drum","292","S-Q","298","1"
"90983","HVCA","2021-10-07","GILL NET-CORE PANEL","Sample Grid #108","19.00000","Hours","Freshwater Drum","321","Q-P","330","1"
"90983","HVCA","2021-10-07","GILL NET-CORE PANEL","Sample Grid #108","19.00000","Hours","Freshwater Drum","307","Q-P","269","1"
"90983","HVCA","2021-10-07","GILL NET-CORE PANEL","Sample Grid #108","19.00000","Hours","Freshwater Drum","401","P-M","572","1"
"90983","HVCA","2021-10-07","GILL NET-CORE PANEL","Sample Grid #108","19.00000","Hours","Freshwater Drum","263","S-Q","185","1"
"90982","HVCA","2021-10-07","GILL NET-CORE PANEL","Sample Grid #97","18.00000","Hours","Freshwater Drum","308","Q-P","318","1"
"90982","HVCA","2021-10-07","GILL NET-CORE PANEL","Sample Grid #97","18.00000","Hours","Freshwater Drum","277","S-Q","241","1"
"90980","HVCA","2021-10-07","GILL NET-CORE PANEL","Sample Grid #95","17.00000","Hours","Freshwater Drum","347","Q-P","460","1"
"90979","HVCA","2021-10-06","GILL NET-CORE PANEL","Sample Grid #72","24.00000","Hours","Freshwater Drum","293","S-Q","317","1"
"90979","HVCA","2021-10-06","GILL NET-CORE PANEL","Sample Grid #72","24.00000","Hours","Freshwater Drum","316","Q-P","364","1"
"90979","HVCA","2021-10-06","GILL NET-CORE PANEL","Sample Grid #72","24.00000","Hours","Freshwater Drum","285","S-Q","290","1"
"90979","HVCA","2021-10-06","GILL NET-CORE PANEL","Sample Grid #72","24.00000","Hours","Freshwater Drum","322","Q-P","349","1"
"90979","HVCA","2021-10-06","GILL NET-CORE PANEL","Sample Grid #72","24.00000","Hours","Freshwater Drum","305","Q-P","323","1"
"90977","HVCA","2021-10-06","GILL NET-CORE PANEL","Sample Grid #47","22.00000","Hours","Freshwater Drum","320","Q-P","385","1"
"90977","HVCA","2021-10-06","GILL NET-CORE PANEL","Sample Grid #47","22.00000","Hours","Freshwater Drum","280","S-Q","261","1"
"90977","HVCA","2021-10-06","GILL NET-CORE PANEL","Sample Grid #47","22.00000","Hours","Freshwater Drum","220","S-Q","114","1"
"90974","HVCA","2021-10-06","GILL NET-CORE PANEL","Sample Grid #51","20.00000","Hours","Freshwater Drum","307","Q-P","330","1"
"90974","HVCA","2021-10-06","GILL NET-CORE PANEL","Sample Grid #51","20.00000","Hours","Freshwater Drum","210","S-Q","110","1"
"90974","HVCA","2021-10-06","GILL NET-CORE PANEL","Sample Grid #51","20.00000","Hours","Freshwater Drum","295","S-Q","300","1"
"90972","HVCA","2021-10-06","GILL NET-CORE PANEL","Sample Grid #70","19.00000","Hours","Freshwater Drum","320","Q-P","341","1"
"90972","HVCA","2021-10-06","GILL NET-CORE PANEL","Sample Grid #70","19.00000","Hours","Freshwater Drum","280","S-Q","260","1"
"90961","SGCA","2021-11-05","GILL NET-CORE PANEL","Sample Grid #64","22.00000","Hours","Freshwater Drum","387","P-M","765","1"
"90953","SGCA","2021-11-05","GILL NET-CORE PANEL","Sample Grid #39","19.00000","Hours","Freshwater Drum","420","P-M","940","1"
"90938","LCGL","2021-10-19","GILL NET-CORE PANEL","Sample Grid #106","22.00000","Hours","Freshwater Drum","216","S-Q","98","1"
"90938","LCGL","2021-10-19","GILL NET-CORE PANEL","Sample Grid #106","22.00000","Hours","Freshwater Drum","210","S-Q","102","1"
"90938","LCGL","2021-10-19","GILL NET-CORE PANEL","Sample Grid #106","22.00000","Hours","Freshwater Drum","205","S-Q","97","1"
"90938","LCGL","2021-10-19","GILL NET-CORE PANEL","Sample Grid #106","22.00000","Hours","Freshwater Drum","228","S-Q","118","1"
"90927","CHNR","2021-11-03","GILL NET-CORE PANEL","Sample Grid #452","22.00000","Hours","Freshwater Drum","241","S-Q","132","1"
"90927","CHNR","2021-11-03","GILL NET-CORE PANEL","Sample Grid #452","22.00000","Hours","Freshwater Drum","281","S-Q","235","1"
"90927","CHNR","2021-11-03","GILL NET-CORE PANEL","Sample Grid #452","22.00000","Hours","Freshwater Drum","314","Q-P","278","1"
"90927","CHNR","2021-11-03","GILL NET-CORE PANEL","Sample Grid #452","22.00000","Hours","Freshwater Drum","225","S-Q","109","1"
"90927","CHNR","2021-11-03","GILL NET-CORE PANEL","Sample Grid #452","22.00000","Hours","Freshwater Drum","196","SS","76","1"
"90927","CHNR","2021-11-03","GILL NET-CORE PANEL","Sample Grid #452","22.00000","Hours","Freshwater Drum","238","S-Q","138","1"
"90926","CHNR","2021-11-03","GILL NET-CORE PANEL","Sample Grid #470","21.00000","Hours","Freshwater Drum","200","S-Q","78","1"
"90925","CHNR","2021-11-03","GILL NET-CORE PANEL","Sample Grid #464","21.00000","Hours","Freshwater Drum","258","S-Q","164","1"
"90925","CHNR","2021-11-03","GILL NET-CORE PANEL","Sample Grid #464","21.00000","Hours","Freshwater Drum","313","Q-P","308","1"
"90925","CHNR","2021-11-03","GILL NET-CORE PANEL","Sample Grid #464","21.00000","Hours","Freshwater Drum","217","S-Q","103","1"
"90924","CHNR","2021-11-03","GILL NET-CORE PANEL","Sample Grid #439","20.00000","Hours","Freshwater Drum","278","S-Q","212","1"
"90924","CHNR","2021-11-03","GILL NET-CORE PANEL","Sample Grid #439","20.00000","Hours","Freshwater Drum","245","S-Q","146","1"
"90924","CHNR","2021-11-03","GILL NET-CORE PANEL","Sample Grid #439","20.00000","Hours","Freshwater Drum","291","S-Q","228","1"
"90923","CHNR","2021-11-03","GILL NET-CORE PANEL","Sample Grid #423","20.00000","Hours","Freshwater Drum","241","S-Q","143","1"
"90920","CHNR","2021-11-03","GILL NET-CORE PANEL","Sample Grid #393","19.00000","Hours","Freshwater Drum","257","S-Q","184","1"
"90920","CHNR","2021-11-03","GILL NET-CORE PANEL","Sample Grid #393","19.00000","Hours","Freshwater Drum","245","S-Q","163","1"
"90920","CHNR","2021-11-03","GILL NET-CORE PANEL","Sample Grid #393","19.00000","Hours","Freshwater Drum","222","S-Q","114","1"
"90919","CHNR","2021-11-03","GILL NET-CORE PANEL","Sample Grid #369","18.00000","Hours","Freshwater Drum","213","S-Q","82","1"
"90919","CHNR","2021-11-03","GILL NET-CORE PANEL","Sample Grid #369","18.00000","Hours","Freshwater Drum","245","S-Q","156","1"
"90917","CHNR","2021-11-03","GILL NET-CORE PANEL","Sample Grid #290","18.00000","Hours","Freshwater Drum","205","S-Q","58","1"
"90917","CHNR","2021-11-03","GILL NET-CORE PANEL","Sample Grid #290","18.00000","Hours","Freshwater Drum","233","S-Q","122","1"
"90917","CHNR","2021-11-03","GILL NET-CORE PANEL","Sample Grid #290","18.00000","Hours","Freshwater Drum","187","SS","62","1"
"90912","LCGL","2021-10-19","GILL NET-CORE PANEL","Sample Grid #134","22.00000","Hours","Freshwater Drum","225","S-Q","150","1"
"90911","LCGL","2021-10-19","GILL NET-CORE PANEL","Sample Grid #115","22.00000","Hours","Freshwater Drum","174","SS","55","1"
"90909","LCGL","2021-10-19","GILL NET-CORE PANEL","Sample Grid #104","22.50000","Hours","Freshwater Drum","260","S-Q","205","1"
"90909","LCGL","2021-10-19","GILL NET-CORE PANEL","Sample Grid #104","22.50000","Hours","Freshwater Drum","265","S-Q","225","1"
"90909","LCGL","2021-10-19","GILL NET-CORE PANEL","Sample Grid #104","22.50000","Hours","Freshwater Drum","260","S-Q","187","1"
"90901","HILR","2021-11-03","GILL NET-CORE PANEL","Sample Grid #193","20.00000","Hours","Freshwater Drum","191","SS","70","1"
"90901","HILR","2021-11-03","GILL NET-CORE PANEL","Sample Grid #193","20.00000","Hours","Freshwater Drum","243","S-Q","151","1"
"90901","HILR","2021-11-03","GILL NET-CORE PANEL","Sample Grid #193","20.00000","Hours","Freshwater Drum","251","S-Q","152","1"
"90897","HILR","2021-11-02","GILL NET-CORE PANEL","Sample Grid #41","20.00000","Hours","Freshwater Drum","260","S-Q","171","1"
"90897","HILR","2021-11-02","GILL NET-CORE PANEL","Sample Grid #41","20.00000","Hours","Freshwater Drum","272","S-Q","197","1"
"90896","HILR","2021-11-02","GILL NET-CORE PANEL","Sample Grid #32","20.00000","Hours","Freshwater Drum","281","S-Q","248","1"
"90895","HILR","2021-11-02","GILL NET-CORE PANEL","Sample Grid #39","20.00000","Hours","Freshwater Drum","243","S-Q","145","1"
"90895","HILR","2021-11-02","GILL NET-CORE PANEL","Sample Grid #39","20.00000","Hours","Freshwater Drum","192","SS","53","1"
"90895","HILR","2021-11-02","GILL NET-CORE PANEL","Sample Grid #39","20.00000","Hours","Freshwater Drum","204","S-Q","53","1"
"90895","HILR","2021-11-02","GILL NET-CORE PANEL","Sample Grid #39","20.00000","Hours","Freshwater Drum","187","SS","65","1"
"90894","HILR","2021-11-02","GILL NET-CORE PANEL","Sample Grid #48","20.00000","Hours","Freshwater Drum","207","S-Q","61","1"
"90893","HILR","2021-11-02","GILL NET-CORE PANEL","Sample Grid #64","20.00000","Hours","Freshwater Drum","196","SS","71","1"
"90893","HILR","2021-11-02","GILL NET-CORE PANEL","Sample Grid #64","20.00000","Hours","Freshwater Drum","239","S-Q","129","1"
"90889","LOVR","2021-10-22","GILL NET-CORE PANEL","Sample Grid #83","21.00000","Hours","Freshwater Drum","283","S-Q","233","1"
"90888","LOVR","2021-10-22","GILL NET-CORE PANEL","Sample Grid #85","21.00000","Hours","Freshwater Drum","315","Q-P","282","1"
"90886","LOVR","2021-10-22","GILL NET-CORE PANEL","Sample Grid #50","21.00000","Hours","Freshwater Drum","170","SS","","1"
"90886","LOVR","2021-10-22","GILL NET-CORE PANEL","Sample Grid #50","21.00000","Hours","Freshwater Drum","180","SS","","1"
"90886","LOVR","2021-10-22","GILL NET-CORE PANEL","Sample Grid #50","21.00000","Hours","Freshwater Drum","130","SS","","1"
"90886","LOVR","2021-10-22","GILL NET-CORE PANEL","Sample Grid #50","21.00000","Hours","Freshwater Drum","351","Q-P","468","1"
"90886","LOVR","2021-10-22","GILL NET-CORE PANEL","Sample Grid #50","21.00000","Hours","Freshwater Drum","180","SS","","1"
"90886","LOVR","2021-10-22","GILL NET-CORE PANEL","Sample Grid #50","21.00000","Hours","Freshwater Drum","390","P-M","525","1"
"90885","LOVR","2021-10-22","GILL NET-CORE PANEL","Sample Grid #39","21.00000","Hours","Freshwater Drum","317","Q-P","316","1"
"90885","LOVR","2021-10-22","GILL NET-CORE PANEL","Sample Grid #39","21.00000","Hours","Freshwater Drum","187","SS","75","1"
"90884","LOVR","2021-10-22","GILL NET-CORE PANEL","Sample Grid #84","21.00000","Hours","Freshwater Drum","150","SS","","1"
"90883","LOVR","2021-10-22","GILL NET-CORE PANEL","Sample Grid #57","21.00000","Hours","Freshwater Drum","180","SS","","1"
"90880","HILR","2021-10-27","GILL NET-CORE PANEL","Sample Grid #61","20.00000","Hours","Freshwater Drum","151","SS","32","1"
"90879","HILR","2021-10-27","GILL NET-CORE PANEL","Sample Grid #107","20.00000","Hours","Freshwater Drum","248","S-Q","140","1"
"90871","LOVR","2021-10-20","GILL NET-CORE PANEL","Sample Grid #119","19.00000","Hours","Freshwater Drum","130","SS","","1"
"90870","LOVR","2021-10-20","GILL NET-CORE PANEL","Sample Grid #118","19.00000","Hours","Freshwater Drum","341","Q-P","460","1"
"90870","LOVR","2021-10-20","GILL NET-CORE PANEL","Sample Grid #118","19.00000","Hours","Freshwater Drum","170","SS","","1"
"90870","LOVR","2021-10-20","GILL NET-CORE PANEL","Sample Grid #118","19.00000","Hours","Freshwater Drum","295","S-Q","264","1"
"90867","LOVR","2021-10-20","GILL NET-CORE PANEL","Sample Grid #123","19.00000","Hours","Freshwater Drum","130","SS","","1"
"90857","LOVR","2021-10-19","GILL NET-CORE PANEL","Sample Grid #79","20.00000","Hours","Freshwater Drum","332","Q-P","417","1"
"90857","LOVR","2021-10-19","GILL NET-CORE PANEL","Sample Grid #79","20.00000","Hours","Freshwater Drum","373","Q-P","534","1"
"90857","LOVR","2021-10-19","GILL NET-CORE PANEL","Sample Grid #79","20.00000","Hours","Freshwater Drum","255","S-Q","200","1"
"90857","LOVR","2021-10-19","GILL NET-CORE PANEL","Sample Grid #79","20.00000","Hours","Freshwater Drum","167","SS","58","1"
"90856","LOVR","2021-10-19","GILL NET-CORE PANEL","Sample Grid #104","20.00000","Hours","Freshwater Drum","463","P-M","1149","1"
"90856","LOVR","2021-10-19","GILL NET-CORE PANEL","Sample Grid #104","20.00000","Hours","Freshwater Drum","","","","1"
"90855","LOVR","2021-10-19","GILL NET-CORE PANEL","Sample Grid #157","20.00000","Hours","Freshwater Drum","205","S-Q","87","1"
"90853","LOVR","2021-10-19","GILL NET-CORE PANEL","Sample Grid #153","20.00000","Hours","Freshwater Drum","360","Q-P","566","1"
"90849","LCGL","2021-10-19","GILL NET-CORE PANEL","Sample Grid #105","21.00000","Hours","Freshwater Drum","265","S-Q","149","1"
"90819","NORR","2021-11-02","GILL NET-CORE PANEL","Sample Grid #70","20.00000","Hours","Freshwater Drum","396","P-M","666","1"
"90819","NORR","2021-11-02","GILL NET-CORE PANEL","Sample Grid #70","20.00000","Hours","Freshwater Drum","282","S-Q","252","1"
"90819","NORR","2021-11-02","GILL NET-CORE PANEL","Sample Grid #70","20.00000","Hours","Freshwater Drum","351","Q-P","448","1"
"90818","HILR","2021-10-26","GILL NET-CORE PANEL","Sample Grid #140","20.00000","Hours","Freshwater Drum","231","S-Q","119","1"
"90818","HILR","2021-10-26","GILL NET-CORE PANEL","Sample Grid #140","20.00000","Hours","Freshwater Drum","134","SS","18","1"
"90815","NORR","2021-11-02","GILL NET-CORE PANEL","Sample Grid #58","18.75000","Hours","Freshwater Drum","138","SS","24","1"
"90814","HILR","2021-10-26","GILL NET-CORE PANEL","Sample Grid #85","20.00000","Hours","Freshwater Drum","230","S-Q","114","1"
"90814","HILR","2021-10-26","GILL NET-CORE PANEL","Sample Grid #85","20.00000","Hours","Freshwater Drum","204","S-Q","68","1"
"90814","HILR","2021-10-26","GILL NET-CORE PANEL","Sample Grid #85","20.00000","Hours","Freshwater Drum","253","S-Q","156","1"
"90808","NORR","2021-11-01","GILL NET-CORE PANEL","Sample Grid #38","18.50000","Hours","Freshwater Drum","153","SS","35","1"
"90807","NORR","2021-11-01","GILL NET-CORE PANEL","Sample Grid #28","18.75000","Hours","Freshwater Drum","141","SS","24","1"
"90807","NORR","2021-11-01","GILL NET-CORE PANEL","Sample Grid #28","18.75000","Hours","Freshwater Drum","174","SS","51","1"
"90807","NORR","2021-11-01","GILL NET-CORE PANEL","Sample Grid #28","18.75000","Hours","Freshwater Drum","146","SS","29","1"
"90807","NORR","2021-11-01","GILL NET-CORE PANEL","Sample Grid #28","18.75000","Hours","Freshwater Drum","408","P-M","748","1"
"90807","NORR","2021-11-01","GILL NET-CORE PANEL","Sample Grid #28","18.75000","Hours","Freshwater Drum","385","P-M","670","1"
"90806","NORR","2021-11-01","GILL NET-CORE PANEL","Sample Grid #43","17.50000","Hours","Freshwater Drum","261","S-Q","183","1"
"90805","NORR","2021-11-01","GILL NET-CORE PANEL","Sample Grid #87","17.00000","Hours","Freshwater Drum","357","Q-P","490","1"
"90805","NORR","2021-11-01","GILL NET-CORE PANEL","Sample Grid #87","17.00000","Hours","Freshwater Drum","411","P-M","836","1"
"90805","NORR","2021-11-01","GILL NET-CORE PANEL","Sample Grid #87","17.00000","Hours","Freshwater Drum","371","Q-P","592","1"
"90805","NORR","2021-11-01","GILL NET-CORE PANEL","Sample Grid #87","17.00000","Hours","Freshwater Drum","331","Q-P","374","1"
"90805","NORR","2021-11-01","GILL NET-CORE PANEL","Sample Grid #87","17.00000","Hours","Freshwater Drum","405","P-M","706","1"
"90805","NORR","2021-11-01","GILL NET-CORE PANEL","Sample Grid #87","17.00000","Hours","Freshwater Drum","150","SS","38","1"
"90794","KIRR","2021-10-22","GILL NET-CORE PANEL","Sample Grid #128","19.75000","Hours","Freshwater Drum","242","S-Q","138","1"
"90793","KIRR","2021-10-22","GILL NET-CORE PANEL","Sample Grid #61","18.75000","Hours","Freshwater Drum","141","SS","26","1"
"90792","KIRR","2021-10-22","GILL NET-CORE PANEL","Sample Grid #64","18.25000","Hours","Freshwater Drum","145","SS","32","1"
"90792","KIRR","2021-10-22","GILL NET-CORE PANEL","Sample Grid #64","18.25000","Hours","Freshwater Drum","360","Q-P","510","1"
"90791","KIRR","2021-10-22","GILL NET-CORE PANEL","Sample Grid #137","17.25000","Hours","Freshwater Drum","270","S-Q","208","1"
"90791","KIRR","2021-10-22","GILL NET-CORE PANEL","Sample Grid #137","17.25000","Hours","Freshwater Drum","207","S-Q","86","1"
"90791","KIRR","2021-10-22","GILL NET-CORE PANEL","Sample Grid #137","17.25000","Hours","Freshwater Drum","348","Q-P","469","1"
"90789","KIRR","2021-10-22","GILL NET-CORE PANEL","Sample Grid #189","15.75000","Hours","Freshwater Drum","370","Q-P","574","1"
"90789","KIRR","2021-10-22","GILL NET-CORE PANEL","Sample Grid #189","15.75000","Hours","Freshwater Drum","370","Q-P","593","1"
"90789","KIRR","2021-10-22","GILL NET-CORE PANEL","Sample Grid #189","15.75000","Hours","Freshwater Drum","362","Q-P","522","1"
"90789","KIRR","2021-10-22","GILL NET-CORE PANEL","Sample Grid #189","15.75000","Hours","Freshwater Drum","373","Q-P","522","1"
"90789","KIRR","2021-10-22","GILL NET-CORE PANEL","Sample Grid #189","15.75000","Hours","Freshwater Drum","270","S-Q","200","1"
"90769","CLTR","2021-10-22","GILL NET-CORE PANEL","Sample Grid #81","20.00000","Hours","Freshwater Drum","139","SS","27","1"
"90768","CLTR","2021-10-22","GILL NET-CORE PANEL","Sample Grid #80","20.00000","Hours","Freshwater Drum","424","P-M","886","1"
"90767","CLTR","2021-10-22","GILL NET-CORE PANEL","Sample Grid #65","20.00000","Hours","Freshwater Drum","208","S-Q","99","1"
"90766","CLTR","2021-10-22","GILL NET-CORE PANEL","Sample Grid #66","20.00000","Hours","Freshwater Drum","337","Q-P","424","1"
"90764","CLTR","2021-10-22","GILL NET-CORE PANEL","Sample Grid #70","20.00000","Hours","Freshwater Drum","318","Q-P","374","1"
"90762","WFCA","2021-10-08","GILL NET-CORE PANEL","Sample Grid #53","18.00000","Hours","Freshwater Drum","341","Q-P","470","1"
"90761","WFCA","2021-10-08","GILL NET-CORE PANEL","Sample Grid #42","18.00000","Hours","Freshwater Drum","375","Q-P","577","1"
"90761","WFCA","2021-10-08","GILL NET-CORE PANEL","Sample Grid #42","18.00000","Hours","Freshwater Drum","144","SS","35","1"
"90760","WFCA","2021-10-08","GILL NET-CORE PANEL","Sample Grid #30","18.00000","Hours","Freshwater Drum","215","S-Q","96","1"
"90759","WFCA","2021-10-08","GILL NET-CORE PANEL","Sample Grid #5","18.00000","Hours","Freshwater Drum","325","Q-P","384","1"
"90759","WFCA","2021-10-08","GILL NET-CORE PANEL","Sample Grid #5","18.00000","Hours","Freshwater Drum","360","Q-P","482","1"
"90746","POMR","2021-10-27","GILL NET-CORE PANEL","Sample Grid #245","21.00000","Hours","Freshwater Drum","355","Q-P","495","1"
"90743","POMR","2021-10-27","GILL NET-CORE PANEL","Sample Grid #152","21.00000","Hours","Freshwater Drum","132","SS","19","1"
"90741","POMR","2021-10-27","GILL NET-CORE PANEL","Sample Grid #142","21.00000","Hours","Freshwater Drum","132","SS","20","1"
"90740","POMR","2021-10-27","GILL NET-CORE PANEL","Sample Grid #173","21.00000","Hours","Freshwater Drum","296","S-Q","324","1"
"90739","POMR","2021-10-27","GILL NET-CORE PANEL","Sample Grid #187","21.00000","Hours","Freshwater Drum","139","SS","26","1"
"90736","KIRR","2021-10-18","GILL NET-CORE PANEL","Sample Grid #184","20.00000","Hours","Freshwater Drum","384","P-M","659","1"
"90736","KIRR","2021-10-18","GILL NET-CORE PANEL","Sample Grid #184","20.00000","Hours","Freshwater Drum","386","P-M","636","1"
"90736","KIRR","2021-10-18","GILL NET-CORE PANEL","Sample Grid #184","20.00000","Hours","Freshwater Drum","376","Q-P","619","1"
"90736","KIRR","2021-10-18","GILL NET-CORE PANEL","Sample Grid #184","20.00000","Hours","Freshwater Drum","385","P-M","644","1"
"90734","KIRR","2021-10-18","GILL NET-CORE PANEL","Sample Grid #156","19.75000","Hours","Freshwater Drum","337","Q-P","449","1"
"90727","WFCA","2021-10-07","GILL NET-CORE PANEL","Sample Grid #63","18.00000","Hours","Freshwater Drum","234","S-Q","136","1"
"90727","WFCA","2021-10-07","GILL NET-CORE PANEL","Sample Grid #63","18.00000","Hours","Freshwater Drum","220","S-Q","125","1"
"90727","WFCA","2021-10-07","GILL NET-CORE PANEL","Sample Grid #63","18.00000","Hours","Freshwater Drum","210","S-Q","115","1"
"90724","WFCA","2021-10-07","GILL NET-CORE PANEL","Sample Grid #25","18.00000","Hours","Freshwater Drum","260","S-Q","182","1"
"90724","WFCA","2021-10-07","GILL NET-CORE PANEL","Sample Grid #25","18.00000","Hours","Freshwater Drum","231","S-Q","118","1"
"90724","WFCA","2021-10-07","GILL NET-CORE PANEL","Sample Grid #25","18.00000","Hours","Freshwater Drum","220","S-Q","105","1"
"90723","WFCA","2021-10-07","GILL NET-CORE PANEL","Sample Grid #13","18.00000","Hours","Freshwater Drum","314","Q-P","380","1"
"90723","WFCA","2021-10-07","GILL NET-CORE PANEL","Sample Grid #13","18.00000","Hours","Freshwater Drum","265","S-Q","178","1"
"90723","WFCA","2021-10-07","GILL NET-CORE PANEL","Sample Grid #13","18.00000","Hours","Freshwater Drum","286","S-Q","230","1"
"90723","WFCA","2021-10-07","GILL NET-CORE PANEL","Sample Grid #13","18.00000","Hours","Freshwater Drum","323","Q-P","434","1"
"90723","WFCA","2021-10-07","GILL NET-CORE PANEL","Sample Grid #13","18.00000","Hours","Freshwater Drum","294","S-Q","298","1"
"90723","WFCA","2021-10-07","GILL NET-CORE PANEL","Sample Grid #13","18.00000","Hours","Freshwater Drum","262","S-Q","185","1"
"90723","WFCA","2021-10-07","GILL NET-CORE PANEL","Sample Grid #13","18.00000","Hours","Freshwater Drum","230","S-Q","146","1"
"90722","WFCA","2021-10-07","GILL NET-CORE PANEL","Sample Grid #7","18.00000","Hours","Freshwater Drum","301","Q-P","340","1"
"90722","WFCA","2021-10-07","GILL NET-CORE PANEL","Sample Grid #7","18.00000","Hours","Freshwater Drum","265","S-Q","198","1"
"90722","WFCA","2021-10-07","GILL NET-CORE PANEL","Sample Grid #7","18.00000","Hours","Freshwater Drum","216","S-Q","96","1"
"90722","WFCA","2021-10-07","GILL NET-CORE PANEL","Sample Grid #7","18.00000","Hours","Freshwater Drum","198","SS","81","1"
"90722","WFCA","2021-10-07","GILL NET-CORE PANEL","Sample Grid #7","18.00000","Hours","Freshwater Drum","285","S-Q","235","1"
"90722","WFCA","2021-10-07","GILL NET-CORE PANEL","Sample Grid #7","18.00000","Hours","Freshwater Drum","315","Q-P","325","1"
"90722","WFCA","2021-10-07","GILL NET-CORE PANEL","Sample Grid #7","18.00000","Hours","Freshwater Drum","341","Q-P","422","1"
"90722","WFCA","2021-10-07","GILL NET-CORE PANEL","Sample Grid #7","18.00000","Hours","Freshwater Drum","311","Q-P","378","1"
"90722","WFCA","2021-10-07","GILL NET-CORE PANEL","Sample Grid #7","18.00000","Hours","Freshwater Drum","280","S-Q","255","1"
"90722","WFCA","2021-10-07","GILL NET-CORE PANEL","Sample Grid #7","18.00000","Hours","Freshwater Drum","340","Q-P","456","1"
"90722","WFCA","2021-10-07","GILL NET-CORE PANEL","Sample Grid #7","18.00000","Hours","Freshwater Drum","306","Q-P","330","1"
"90722","WFCA","2021-10-07","GILL NET-CORE PANEL","Sample Grid #7","18.00000","Hours","Freshwater Drum","200","S-Q","90","1"
"90722","WFCA","2021-10-07","GILL NET-CORE PANEL","Sample Grid #7","18.00000","Hours","Freshwater Drum","275","S-Q","238","1"
"90720","KIRR","2021-10-18","GILL NET-CORE PANEL","Sample Grid #168","16.50000","Hours","Freshwater Drum","384","P-M","672","1"
"90720","KIRR","2021-10-18","GILL NET-CORE PANEL","Sample Grid #168","16.50000","Hours","Freshwater Drum","395","P-M","741","1"
"90720","KIRR","2021-10-18","GILL NET-CORE PANEL","Sample Grid #168","16.50000","Hours","Freshwater Drum","354","Q-P","466","1"
"90651","PLCA","2021-10-07","GILL NET-CORE PANEL","Sample Grid #63","20.00000","Hours","Freshwater Drum","366","Q-P","504","1"
"90640","ELDR","2021-11-09","GILL NET-CORE PANEL","Sample Grid #435","19.00000","Hours","Freshwater Drum","365","Q-P","592","1"
"90640","ELDR","2021-11-09","GILL NET-CORE PANEL","Sample Grid #435","19.00000","Hours","Freshwater Drum","345","Q-P","462","1"
"90640","ELDR","2021-11-09","GILL NET-CORE PANEL","Sample Grid #435","19.00000","Hours","Freshwater Drum","344","Q-P","535","1"
"90640","ELDR","2021-11-09","GILL NET-CORE PANEL","Sample Grid #435","19.00000","Hours","Freshwater Drum","356","Q-P","531","1"
"90640","ELDR","2021-11-09","GILL NET-CORE PANEL","Sample Grid #435","19.00000","Hours","Freshwater Drum","315","Q-P","357","1"
"90640","ELDR","2021-11-09","GILL NET-CORE PANEL","Sample Grid #435","19.00000","Hours","Freshwater Drum","351","Q-P","435","1"
"90640","ELDR","2021-11-09","GILL NET-CORE PANEL","Sample Grid #435","19.00000","Hours","Freshwater Drum","288","S-Q","240","1"
"90638","ELDR","2021-11-04","GILL NET-CORE PANEL","Sample Grid #8","19.00000","Hours","Freshwater Drum","371","Q-P","543","1"
"90638","ELDR","2021-11-04","GILL NET-CORE PANEL","Sample Grid #8","19.00000","Hours","Freshwater Drum","201","S-Q","77","1"
"90634","ELDR","2021-11-03","GILL NET-CORE PANEL","Sample Grid #179","19.00000","Hours","Freshwater Drum","394","P-M","661","1"
"90633","ELDR","2021-11-03","GILL NET-CORE PANEL","Sample Grid #106","19.00000","Hours","Freshwater Drum","366","Q-P","607","1"
"90632","ELDR","2021-11-03","GILL NET-CORE PANEL","Sample Grid #87","19.00000","Hours","Freshwater Drum","375","Q-P","540","1"
"90632","ELDR","2021-11-03","GILL NET-CORE PANEL","Sample Grid #87","19.00000","Hours","Freshwater Drum","314","Q-P","337","1"
"90632","ELDR","2021-11-03","GILL NET-CORE PANEL","Sample Grid #87","19.00000","Hours","Freshwater Drum","235","S-Q","117","1"
"90631","ELDR","2021-10-26","GILL NET-CORE PANEL","Sample Grid #217","19.00000","Hours","Freshwater Drum","340","Q-P","369","1"
"90631","ELDR","2021-10-26","GILL NET-CORE PANEL","Sample Grid #217","19.00000","Hours","Freshwater Drum","181","SS","56","1"
"90630","ELDR","2021-10-26","GILL NET-CORE PANEL","Sample Grid #119","19.00000","Hours","Freshwater Drum","375","Q-P","645","1"
"90614","CHNR","2021-11-02","GILL NET-CORE PANEL","Sample Grid #273","23.00000","Hours","Freshwater Drum","240","S-Q","144","1"
"90614","CHNR","2021-11-02","GILL NET-CORE PANEL","Sample Grid #273","23.00000","Hours","Freshwater Drum","134","SS","","1"
"90613","CHNR","2021-11-02","GILL NET-CORE PANEL","Sample Grid #236","22.00000","Hours","Freshwater Drum","271","S-Q","204","1"
"90613","CHNR","2021-11-02","GILL NET-CORE PANEL","Sample Grid #236","22.00000","Hours","Freshwater Drum","129","SS","","1"
"90606","CHNR","2021-11-02","GILL NET-CORE PANEL","Sample Grid #74","19.00000","Hours","Freshwater Drum","230","S-Q","117","1"
"90606","CHNR","2021-11-02","GILL NET-CORE PANEL","Sample Grid #74","19.00000","Hours","Freshwater Drum","249","S-Q","151","1"
"90606","CHNR","2021-11-02","GILL NET-CORE PANEL","Sample Grid #74","19.00000","Hours","Freshwater Drum","260","S-Q","176","1"
"90606","CHNR","2021-11-02","GILL NET-CORE PANEL","Sample Grid #74","19.00000","Hours","Freshwater Drum","257","S-Q","159","1"
"90606","CHNR","2021-11-02","GILL NET-CORE PANEL","Sample Grid #74","19.00000","Hours","Freshwater Drum","242","S-Q","138","1"
"90606","CHNR","2021-11-02","GILL NET-CORE PANEL","Sample Grid #74","19.00000","Hours","Freshwater Drum","279","S-Q","205","1"
"90606","CHNR","2021-11-02","GILL NET-CORE PANEL","Sample Grid #74","19.00000","Hours","Freshwater Drum","255","S-Q","173","1"
"90606","CHNR","2021-11-02","GILL NET-CORE PANEL","Sample Grid #74","19.00000","Hours","Freshwater Drum","142","SS","28","1"
"90577","WEBR","2021-10-06","GILL NET-CORE PANEL","Sample Grid #130","19.50000","Hours","Freshwater Drum","218","S-Q","100","1"
"90577","WEBR","2021-10-06","GILL NET-CORE PANEL","Sample Grid #130","19.50000","Hours","Freshwater Drum","267","S-Q","210","1"
"90574","WEBR","2021-10-06","GILL NET-CORE PANEL","Sample Grid #104","18.00000","Hours","Freshwater Drum","196","SS","69","1"
"90572","PERR","2021-11-03","GILL NET-CORE PANEL","Sample Grid #242","20.00000","Hours","Freshwater Drum","200","S-Q","","1"
"90569","PERR","2021-11-03","GILL NET-CORE PANEL","Sample Grid #197","21.00000","Hours","Freshwater Drum","350","Q-P","485","1"
"90559","TORR","2021-11-16","GILL NET-CORE PANEL","Sample Grid #103","16.00000","Hours","Freshwater Drum","222","S-Q","138","1"
"90552","TORR","2021-11-05","GILL NET-CORE PANEL","Sample Grid #79","16.00000","Hours","Freshwater Drum","272","S-Q","233","1"
"90552","TORR","2021-11-05","GILL NET-CORE PANEL","Sample Grid #79","16.00000","Hours","Freshwater Drum","192","SS","69","1"
"90549","TORR","2021-11-05","GILL NET-CORE PANEL","Sample Grid #81","16.00000","Hours","Freshwater Drum","600","M-T","2315","1"
"90548","PERR","2021-11-02","GILL NET-CORE PANEL","Sample Grid #33","23.00000","Hours","Freshwater Drum","135","SS","20","1"
"90547","PERR","2021-11-02","GILL NET-CORE PANEL","Sample Grid #27","22.00000","Hours","Freshwater Drum","208","S-Q","100","1"
"90547","PERR","2021-11-02","GILL NET-CORE PANEL","Sample Grid #27","22.00000","Hours","Freshwater Drum","377","Q-P","605","1"
"90547","PERR","2021-11-02","GILL NET-CORE PANEL","Sample Grid #27","22.00000","Hours","Freshwater Drum","170","SS","","1"
"90545","PERR","2021-11-02","GILL NET-CORE PANEL","Sample Grid #32","22.00000","Hours","Freshwater Drum","336","Q-P","435","1"
"90545","PERR","2021-11-02","GILL NET-CORE PANEL","Sample Grid #32","22.00000","Hours","Freshwater Drum","365","Q-P","570","1"
"90545","PERR","2021-11-02","GILL NET-CORE PANEL","Sample Grid #32","22.00000","Hours","Freshwater Drum","204","S-Q","85","1"
"90535","FLRR","2021-11-04","GILL NET-CORE PANEL","Sample Grid #95","16.00000","Hours","Freshwater Drum","162","SS","41","1"
"90534","FLRR","2021-11-04","GILL NET-CORE PANEL","Sample Grid #88","16.00000","Hours","Freshwater Drum","233","S-Q","132","1"
"90533","FLRR","2021-11-04","GILL NET-CORE PANEL","Sample Grid #80","16.00000","Hours","Freshwater Drum","216","S-Q","107","1"
"90533","FLRR","2021-11-04","GILL NET-CORE PANEL","Sample Grid #80","16.00000","Hours","Freshwater Drum","222","S-Q","100","1"
"90533","FLRR","2021-11-04","GILL NET-CORE PANEL","Sample Grid #80","16.00000","Hours","Freshwater Drum","131","SS","24","1"
"90526","FLRR","2021-11-03","GILL NET-CORE PANEL","Sample Grid #54","16.00000","Hours","Freshwater Drum","404","P-M","727","1"
"90503","KANR","2021-11-10","GILL NET-CORE PANEL","Sample Grid #183","20.00000","Hours","Freshwater Drum","261","S-Q","189","1"
"90502","KANR","2021-11-10","GILL NET-CORE PANEL","Sample Grid #191","19.00000","Hours","Freshwater Drum","293","S-Q","251","1"
"90499","KANR","2021-11-10","GILL NET-CORE PANEL","Sample Grid #209","18.00000","Hours","Freshwater Drum","134","SS","31","1"
"90493","WEBR","2021-10-06","GILL NET-CORE PANEL","Sample Grid #102","17.75000","Hours","Freshwater Drum","334","Q-P","426","1"
"90491","FLRR","2021-10-26","GILL NET-CORE PANEL","Sample Grid #90","16.00000","Hours","Freshwater Drum","200","S-Q","94","1"
"90474","PERR","2021-10-27","GILL NET-CORE PANEL","Sample Grid #420","18.00000","Hours","Freshwater Drum","256","S-Q","165","1"
"90474","PERR","2021-10-27","GILL NET-CORE PANEL","Sample Grid #420","18.00000","Hours","Freshwater Drum","201","S-Q","90","1"
"90472","KANR","2021-11-09","GILL NET-CORE PANEL","Sample Grid #124","18.00000","Hours","Freshwater Drum","260","S-Q","181","1"
"90472","KANR","2021-11-09","GILL NET-CORE PANEL","Sample Grid #124","18.00000","Hours","Freshwater Drum","199","SS","72","1"
"90472","KANR","2021-11-09","GILL NET-CORE PANEL","Sample Grid #124","18.00000","Hours","Freshwater Drum","167","SS","44","1"
"90472","KANR","2021-11-09","GILL NET-CORE PANEL","Sample Grid #124","18.00000","Hours","Freshwater Drum","321","Q-P","382","1"
"90466","FLRR","2021-10-05","GILL NET-CORE PANEL","Sample Grid #61","16.00000","Hours","Freshwater Drum","186","SS","64","1"
"90466","FLRR","2021-10-05","GILL NET-CORE PANEL","Sample Grid #61","16.00000","Hours","Freshwater Drum","458","P-M","945","1"
"90466","FLRR","2021-10-05","GILL NET-CORE PANEL","Sample Grid #61","16.00000","Hours","Freshwater Drum","380","P-M","646","1"
"90456","BGHR","2021-11-02","GILL NET-CORE PANEL","Sample Grid #18","18.00000","Hours","Freshwater Drum","280","S-Q","254","1"
"90440","BGHR","2021-11-01","GILL NET-CORE PANEL","Sample Grid #76","18.00000","Hours","Freshwater Drum","224","S-Q","120","1"
"90440","BGHR","2021-11-01","GILL NET-CORE PANEL","Sample Grid #76","18.00000","Hours","Freshwater Drum","278","S-Q","246","1"
"90439","BGHR","2021-11-01","GILL NET-CORE PANEL","Sample Grid #73","18.00000","Hours","Freshwater Drum","233","S-Q","136","1"
"90437","BGHR","2021-11-01","GILL NET-CORE PANEL","Sample Grid #57","18.00000","Hours","Freshwater Drum","270","S-Q","238","1"
"90429","WILR","2021-11-04","GILL NET-CORE PANEL","Sample Grid #72","17.00000","Hours","Freshwater Drum","250","S-Q","163","1"
"90428","WILR","2021-11-04","GILL NET-CORE PANEL","Sample Grid #102","17.00000","Hours","Freshwater Drum","348","Q-P","463","1"
"90408","EUCL","2021-10-08","GILL NET-CORE PANEL","Sample Grid #40","16.00000","Hours","Freshwater Drum","335","Q-P","346","1"
"90408","EUCL","2021-10-08","GILL NET-CORE PANEL","Sample Grid #40","16.00000","Hours","Freshwater Drum","246","S-Q","134","1"
"90408","EUCL","2021-10-08","GILL NET-CORE PANEL","Sample Grid #40","16.00000","Hours","Freshwater Drum","307","Q-P","283","1"
"90408","EUCL","2021-10-08","GILL NET-CORE PANEL","Sample Grid #40","16.00000","Hours","Freshwater Drum","254","S-Q","164","1"
"90408","EUCL","2021-10-08","GILL NET-CORE PANEL","Sample Grid #40","16.00000","Hours","Freshwater Drum","315","Q-P","306","1"
"90408","EUCL","2021-10-08","GILL NET-CORE PANEL","Sample Grid #40","16.00000","Hours","Freshwater Drum","246","S-Q","147","1"
"90384","EUCL","2021-10-07","GILL NET-CORE PANEL","Sample Grid #46","16.00000","Hours","Freshwater Drum","205","S-Q","59","1"
"90379","WEBR","2021-10-05","GILL NET-CORE PANEL","Sample Grid #29","20.00000","Hours","Freshwater Drum","374","Q-P","476","1"
"90379","WEBR","2021-10-05","GILL NET-CORE PANEL","Sample Grid #29","20.00000","Hours","Freshwater Drum","230","S-Q","127","1"
"90376","WEBR","2021-10-05","GILL NET-CORE PANEL","Sample Grid #34","19.25000","Hours","Freshwater Drum","265","S-Q","204","1"
"90376","WEBR","2021-10-05","GILL NET-CORE PANEL","Sample Grid #34","19.25000","Hours","Freshwater Drum","200","S-Q","94","1"
"90373","WEBR","2021-10-05","GILL NET-CORE PANEL","Sample Grid #45","18.75000","Hours","Freshwater Drum","255","S-Q","151","1"
"90373","WEBR","2021-10-05","GILL NET-CORE PANEL","Sample Grid #45","18.75000","Hours","Freshwater Drum","260","S-Q","164","1"
"90373","WEBR","2021-10-05","GILL NET-CORE PANEL","Sample Grid #45","18.75000","Hours","Freshwater Drum","266","S-Q","192","1"
"90373","WEBR","2021-10-05","GILL NET-CORE PANEL","Sample Grid #45","18.75000","Hours","Freshwater Drum","267","S-Q","190","1"
"90373","WEBR","2021-10-05","GILL NET-CORE PANEL","Sample Grid #45","18.75000","Hours","Freshwater Drum","237","S-Q","132","1"
"90373","WEBR","2021-10-05","GILL NET-CORE PANEL","Sample Grid #45","18.75000","Hours","Freshwater Drum","213","S-Q","91","1"
"90369","WEBR","2021-10-05","GILL NET-CORE PANEL","Sample Grid #77","17.75000","Hours","Freshwater Drum","286","S-Q","240","1"
"90369","WEBR","2021-10-05","GILL NET-CORE PANEL","Sample Grid #77","17.75000","Hours","Freshwater Drum","294","S-Q","262","1"
"90369","WEBR","2021-10-05","GILL NET-CORE PANEL","Sample Grid #77","17.75000","Hours","Freshwater Drum","154","SS","36","1"
"90369","WEBR","2021-10-05","GILL NET-CORE PANEL","Sample Grid #77","17.75000","Hours","Freshwater Drum","129","SS","25","1"
"90369","WEBR","2021-10-05","GILL NET-CORE PANEL","Sample Grid #77","17.75000","Hours","Freshwater Drum","265","S-Q","189","1"
"90369","WEBR","2021-10-05","GILL NET-CORE PANEL","Sample Grid #77","17.75000","Hours","Freshwater Drum","200","S-Q","85","1"
"90365","WEBR","2021-10-05","GILL NET-CORE PANEL","Sample Grid #74","17.25000","Hours","Freshwater Drum","356","Q-P","466","1"
"90365","WEBR","2021-10-05","GILL NET-CORE PANEL","Sample Grid #74","17.25000","Hours","Freshwater Drum","272","S-Q","203","1"
"90365","WEBR","2021-10-05","GILL NET-CORE PANEL","Sample Grid #74","17.25000","Hours","Freshwater Drum","291","S-Q","247","1"
"90364","WEBR","2021-10-05","GILL NET-CORE PANEL","Sample Grid #66","16.75000","Hours","Freshwater Drum","143","SS","27","1"
"90357","CLTR","2021-10-22","GILL NET-CORE PANEL","Sample Grid #75","22.00000","Hours","Freshwater Drum","145","SS","30","1"
"90356","CLTR","2021-10-22","GILL NET-CORE PANEL","Sample Grid #187","23.00000","Hours","Freshwater Drum","228","S-Q","115","1"
"90354","CLTR","2021-10-22","GILL NET-CORE PANEL","Sample Grid #145","22.50000","Hours","Freshwater Drum","308","Q-P","320","1"
"90353","CLTR","2021-10-22","GILL NET-CORE PANEL","Sample Grid #118","22.00000","Hours","Freshwater Drum","345","Q-P","450","1"
"90352","CLTR","2021-10-22","GILL NET-CORE PANEL","Sample Grid #76","21.00000","Hours","Freshwater Drum","172","SS","55","1"
"90352","CLTR","2021-10-22","GILL NET-CORE PANEL","Sample Grid #76","21.00000","Hours","Freshwater Drum","188","SS","65","1"
"90328","GELR","2021-11-03","GILL NET-CORE PANEL","Sample Grid #99","19.00000","Hours","Freshwater Drum","286","S-Q","249","1"
"90328","GELR","2021-11-03","GILL NET-CORE PANEL","Sample Grid #99","19.00000","Hours","Freshwater Drum","130","SS","","1"
"90327","GELR","2021-11-03","GILL NET-CORE PANEL","Sample Grid #77","19.00000","Hours","Freshwater Drum","150","SS","","1"
"90324","GELR","2021-11-03","GILL NET-CORE PANEL","Sample Grid #103","19.00000","Hours","Freshwater Drum","458","P-M","1247","1"
"90324","GELR","2021-11-03","GILL NET-CORE PANEL","Sample Grid #103","19.00000","Hours","Freshwater Drum","418","P-M","846","1"
"90324","GELR","2021-11-03","GILL NET-CORE PANEL","Sample Grid #103","19.00000","Hours","Freshwater Drum","378","Q-P","633","1"
"90324","GELR","2021-11-03","GILL NET-CORE PANEL","Sample Grid #103","19.00000","Hours","Freshwater Drum","425","P-M","1005","1"
"90321","GELR","2021-11-03","GILL NET-CORE PANEL","Sample Grid #125","19.00000","Hours","Freshwater Drum","375","Q-P","604","1"
"90321","GELR","2021-11-03","GILL NET-CORE PANEL","Sample Grid #125","19.00000","Hours","Freshwater Drum","130","SS","","1"
"90321","GELR","2021-11-03","GILL NET-CORE PANEL","Sample Grid #125","19.00000","Hours","Freshwater Drum","490","P-M","1518","1"
"90320","GELR","2021-11-03","GILL NET-CORE PANEL","Sample Grid #83","19.00000","Hours","Freshwater Drum","110","SS","","1"
"90320","GELR","2021-11-03","GILL NET-CORE PANEL","Sample Grid #83","19.00000","Hours","Freshwater Drum","130","SS","","1"
"90271","GELR","2021-11-04","GILL NET-CORE PANEL","Sample Grid #150","18.00000","Hours","Freshwater Drum","130","SS","","2"
"90270","WILR","2021-11-01","GILL NET-CORE PANEL","Sample Grid #295","19.00000","Hours","Freshwater Drum","371","Q-P","545","1"
"90262","GELR","2021-11-04","GILL NET-CORE PANEL","Sample Grid #265","18.00000","Hours","Freshwater Drum","130","SS","","1"
"90262","GELR","2021-11-04","GILL NET-CORE PANEL","Sample Grid #265","18.00000","Hours","Freshwater Drum","140","SS","","2"
"90252","GELR","2021-11-04","GILL NET-CORE PANEL","Sample Grid #351","18.00000","Hours","Freshwater Drum","430","P-M","","1"
"90252","GELR","2021-11-04","GILL NET-CORE PANEL","Sample Grid #351","18.00000","Hours","Freshwater Drum","370","Q-P","","1"
"90247","BROX","2021-10-13","GILL NET-CORE PANEL","Sample Grid #150","24.00000","Hours","Freshwater Drum","240","S-Q","175","1"
"90243","BROX","2021-10-13","GILL NET-CORE PANEL","Sample Grid #167","23.00000","Hours","Freshwater Drum","390","P-M","690","1"
"90243","BROX","2021-10-13","GILL NET-CORE PANEL","Sample Grid #167","23.00000","Hours","Freshwater Drum","482","P-M","860","1"
"90243","BROX","2021-10-13","GILL NET-CORE PANEL","Sample Grid #167","23.00000","Hours","Freshwater Drum","312","Q-P","215","1"
"90243","BROX","2021-10-13","GILL NET-CORE PANEL","Sample Grid #167","23.00000","Hours","Freshwater Drum","384","P-M","440","1"
"90213","GELR","2021-11-05","GILL NET-CORE PANEL","Sample Grid #319","19.00000","Hours","Freshwater Drum","501","P-M","1646","1"
"90213","GELR","2021-11-05","GILL NET-CORE PANEL","Sample Grid #319","19.00000","Hours","Freshwater Drum","457","P-M","1136","1"
"90213","GELR","2021-11-05","GILL NET-CORE PANEL","Sample Grid #319","19.00000","Hours","Freshwater Drum","458","P-M","1131","1"
"90213","GELR","2021-11-05","GILL NET-CORE PANEL","Sample Grid #319","19.00000","Hours","Freshwater Drum","478","P-M","1162","1"
"90213","GELR","2021-11-05","GILL NET-CORE PANEL","Sample Grid #319","19.00000","Hours","Freshwater Drum","140","SS","","2"
"90213","GELR","2021-11-05","GILL NET-CORE PANEL","Sample Grid #319","19.00000","Hours","Freshwater Drum","130","SS","","1"
"90213","GELR","2021-11-05","GILL NET-CORE PANEL","Sample Grid #319","19.00000","Hours","Freshwater Drum","390","P-M","665","1"
"90213","GELR","2021-11-05","GILL NET-CORE PANEL","Sample Grid #319","19.00000","Hours","Freshwater Drum","160","SS","","1"
"90213","GELR","2021-11-05","GILL NET-CORE PANEL","Sample Grid #319","19.00000","Hours","Freshwater Drum","120","SS","","1"
"90211","GELR","2021-11-05","GILL NET-CORE PANEL","Sample Grid #178","19.00000","Hours","Freshwater Drum","130","SS","","1"
"90211","GELR","2021-11-05","GILL NET-CORE PANEL","Sample Grid #178","19.00000","Hours","Freshwater Drum","120","SS","","2"
"90180","JFWB","2021-10-21","GILL NET-CORE PANEL","Sample Grid #75","24.00000","Hours","Freshwater Drum","255","S-Q","187","1"
"90175","CDBR","2021-10-25","GILL NET-CORE PANEL","Sample Grid #241","19.25000","Hours","Freshwater Drum","390","P-M","","1"
"90171","CDBR","2021-10-25","GILL NET-CORE PANEL","Sample Grid #151","17.00000","Hours","Freshwater Drum","210","S-Q","","1"
"90171","CDBR","2021-10-25","GILL NET-CORE PANEL","Sample Grid #151","17.00000","Hours","Freshwater Drum","310","Q-P","","1"
"90158","TCRR","2021-11-04","GILL NET-CORE PANEL","Sample Grid #342","24.00000","Hours","Freshwater Drum","215","S-Q","114","1"
"90134","TCRR","2021-11-03","GILL NET-CORE PANEL","Sample Grid #190","24.00000","Hours","Freshwater Drum","362","Q-P","637","1"
"90133","TCRR","2021-11-03","GILL NET-CORE PANEL","Sample Grid #179","24.00000","Hours","Freshwater Drum","332","Q-P","512","1"
"90123","CGRR","2021-11-09","GILL NET-CORE PANEL","Sample Grid #111","18.00000","Hours","Freshwater Drum","349","Q-P","484","1"
"90121","CGRR","2021-11-09","GILL NET-CORE PANEL","Sample Grid #146","18.00000","Hours","Freshwater Drum","308","Q-P","377","1"
"90121","CGRR","2021-11-09","GILL NET-CORE PANEL","Sample Grid #146","18.00000","Hours","Freshwater Drum","120","SS","","1"
"90118","TCRR","2021-11-02","GILL NET-CORE PANEL","Sample Grid #114","24.00000","Hours","Freshwater Drum","358","Q-P","698","1"
"90116","TCRR","2021-11-02","GILL NET-CORE PANEL","Sample Grid #186","24.00000","Hours","Freshwater Drum","308","Q-P","318","1"
"90116","TCRR","2021-11-02","GILL NET-CORE PANEL","Sample Grid #186","24.00000","Hours","Freshwater Drum","375","Q-P","649","1"
"90115","TCRR","2021-11-02","GILL NET-CORE PANEL","Sample Grid #161","24.00000","Hours","Freshwater Drum","359","Q-P","557","1"
"90114","TCRR","2021-11-02","GILL NET-CORE PANEL","Sample Grid #172","24.00000","Hours","Freshwater Drum","380","P-M","665","1"
"90114","TCRR","2021-11-02","GILL NET-CORE PANEL","Sample Grid #172","24.00000","Hours","Freshwater Drum","378","Q-P","811","1"
"90114","TCRR","2021-11-02","GILL NET-CORE PANEL","Sample Grid #172","24.00000","Hours","Freshwater Drum","125","SS","27","1"
"90101","CGRR","2021-11-04","GILL NET-CORE PANEL","Sample Grid #63","18.00000","Hours","Freshwater Drum","462","P-M","1223","1"
"90098","CGRR","2021-11-04","GILL NET-CORE PANEL","Sample Grid #165","18.00000","Hours","Freshwater Drum","120","SS","","1"
"90087","TCRR","2021-11-01","GILL NET-CORE PANEL","Sample Grid #488","24.00000","Hours","Freshwater Drum","436","P-M","1123","1"
"90086","TCRR","2021-11-01","GILL NET-CORE PANEL","Sample Grid #541","24.00000","Hours","Freshwater Drum","259","S-Q","182","1"
"90085","TCRR","2021-11-01","GILL NET-CORE PANEL","Sample Grid #556","24.00000","Hours","Freshwater Drum","393","P-M","737","1"
"90076","WLFC","2021-11-04","GILL NET-CORE PANEL","Sample Grid #250","19.00000","Hours","Freshwater Drum","250","S-Q","150","1"
"90075","WLFC","2021-11-04","GILL NET-CORE PANEL","Sample Grid #217","19.00000","Hours","Freshwater Drum","265","S-Q","","1"
"90075","WLFC","2021-11-04","GILL NET-CORE PANEL","Sample Grid #217","19.00000","Hours","Freshwater Drum","170","SS","","2"
"90075","WLFC","2021-11-04","GILL NET-CORE PANEL","Sample Grid #217","19.00000","Hours","Freshwater Drum","225","S-Q","","2"
"90074","WLFC","2021-11-04","GILL NET-CORE PANEL","Sample Grid #201","19.00000","Hours","Freshwater Drum","210","S-Q","","3"
"90070","WLFC","2021-11-03","GILL NET-CORE PANEL","Sample Grid #105","19.00000","Hours","Freshwater Drum","195","SS","","1"
"90070","WLFC","2021-11-03","GILL NET-CORE PANEL","Sample Grid #105","19.00000","Hours","Freshwater Drum","130","SS","","1"
"90067","WLFC","2021-11-03","GILL NET-CORE PANEL","Sample Grid #109","19.00000","Hours","Freshwater Drum","220","S-Q","120","1"
"90067","WLFC","2021-11-03","GILL NET-CORE PANEL","Sample Grid #109","19.00000","Hours","Freshwater Drum","255","S-Q","220","1"
"90066","WLFC","2021-11-03","GILL NET-CORE PANEL","Sample Grid #90","19.00000","Hours","Freshwater Drum","175","SS","","1"
"90066","WLFC","2021-11-03","GILL NET-CORE PANEL","Sample Grid #90","19.00000","Hours","Freshwater Drum","215","S-Q","","1"
"90066","WLFC","2021-11-03","GILL NET-CORE PANEL","Sample Grid #90","19.00000","Hours","Freshwater Drum","140","SS","","1"
"90058","WLFC","2021-11-02","GILL NET-CORE PANEL","Sample Grid #26","19.00000","Hours","Freshwater Drum","225","S-Q","110","1"
"90058","WLFC","2021-11-02","GILL NET-CORE PANEL","Sample Grid #26","19.00000","Hours","Freshwater Drum","235","S-Q","130","1"
"90053","WLFC","2021-11-02","GILL NET-CORE PANEL","Sample Grid #32","19.00000","Hours","Freshwater Drum","200","S-Q","84","1"
"90042","JRDR","2021-11-05","GILL NET-CORE PANEL","Sample Grid #286","19.00000","Hours","Freshwater Drum","463","P-M","1280","1"
"90038","JRDR","2021-11-05","GILL NET-CORE PANEL","Sample Grid #436","19.00000","Hours","Freshwater Drum","368","Q-P","620","1"
"90032","CGRR","2021-11-03","GILL NET-CORE PANEL","Sample Grid #41","18.00000","Hours","Freshwater Drum","376","Q-P","695","1"
"90032","CGRR","2021-11-03","GILL NET-CORE PANEL","Sample Grid #41","18.00000","Hours","Freshwater Drum","460","P-M","1452","1"
"90022","MILR","2021-11-02","GILL NET-CORE PANEL","Sample Grid #628","20.00000","Hours","Freshwater Drum","232","S-Q","148","1"
"90021","MILR","2021-11-02","GILL NET-CORE PANEL","Sample Grid #235","20.00000","Hours","Freshwater Drum","274","S-Q","208","1"
"89999","GELR","2021-11-02","GILL NET-CORE PANEL","Sample Grid #519","20.00000","Hours","Freshwater Drum","100","SS","","2"
"89999","GELR","2021-11-02","GILL NET-CORE PANEL","Sample Grid #519","20.00000","Hours","Freshwater Drum","120","SS","","1"
"89999","GELR","2021-11-02","GILL NET-CORE PANEL","Sample Grid #519","20.00000","Hours","Freshwater Drum","449","P-M","1025","1"
"89999","GELR","2021-11-02","GILL NET-CORE PANEL","Sample Grid #519","20.00000","Hours","Freshwater Drum","370","Q-P","542","1"
"89998","GELR","2021-11-02","GILL NET-CORE PANEL","Sample Grid #494","20.00000","Hours","Freshwater Drum","140","SS","","2"
"89997","GELR","2021-11-02","GILL NET-CORE PANEL","Sample Grid #385","20.00000","Hours","Freshwater Drum","435","P-M","930","1"
"89997","GELR","2021-11-02","GILL NET-CORE PANEL","Sample Grid #385","20.00000","Hours","Freshwater Drum","130","SS","","2"
"89997","GELR","2021-11-02","GILL NET-CORE PANEL","Sample Grid #385","20.00000","Hours","Freshwater Drum","150","SS","","1"
"89997","GELR","2021-11-02","GILL NET-CORE PANEL","Sample Grid #385","20.00000","Hours","Freshwater Drum","120","SS","","1"
"89997","GELR","2021-11-02","GILL NET-CORE PANEL","Sample Grid #385","20.00000","Hours","Freshwater Drum","140","SS","","1"
"89996","GELR","2021-11-02","GILL NET-CORE PANEL","Sample Grid #374","20.00000","Hours","Freshwater Drum","393","P-M","694","1"
"89996","GELR","2021-11-02","GILL NET-CORE PANEL","Sample Grid #374","20.00000","Hours","Freshwater Drum","210","S-Q","88","1"
"89995","GELR","2021-11-02","GILL NET-CORE PANEL","Sample Grid #342","20.00000","Hours","Freshwater Drum","440","P-M","1075","1"
"89995","GELR","2021-11-02","GILL NET-CORE PANEL","Sample Grid #342","20.00000","Hours","Freshwater Drum","130","SS","","1"
"89995","GELR","2021-11-02","GILL NET-CORE PANEL","Sample Grid #342","20.00000","Hours","Freshwater Drum","130","SS","","1"
"89990","GELR","2021-10-29","GILL NET-CORE PANEL","Sample Grid #464","22.00000","Hours","Freshwater Drum","422","P-M","890","1"
"89989","GELR","2021-10-29","GILL NET-CORE PANEL","Sample Grid #430","22.00000","Hours","Freshwater Drum","120","SS","","1"
"89989","GELR","2021-10-29","GILL NET-CORE PANEL","Sample Grid #430","22.00000","Hours","Freshwater Drum","130","SS","","1"
"89988","GELR","2021-10-29","GILL NET-CORE PANEL","Sample Grid #413","22.00000","Hours","Freshwater Drum","460","P-M","1070","1"
"89983","CHNR","2021-10-22","GILL NET-CORE PANEL","Sample Grid #196","20.00000","Hours","Freshwater Drum","244","S-Q","164","1"
"89981","CHNR","2021-10-22","GILL NET-CORE PANEL","Sample Grid #243","19.00000","Hours","Freshwater Drum","281","S-Q","248","1"
"89970","EKCR","2021-10-22","GILL NET-CORE PANEL","Sample Grid #158","18.00000","Hours","Freshwater Drum","392","P-M","770","1"
"89970","EKCR","2021-10-22","GILL NET-CORE PANEL","Sample Grid #158","18.00000","Hours","Freshwater Drum","230","S-Q","136","1"
"89969","EKCR","2021-10-22","GILL NET-CORE PANEL","Sample Grid #161","18.00000","Hours","Freshwater Drum","223","S-Q","126","1"
"89969","EKCR","2021-10-22","GILL NET-CORE PANEL","Sample Grid #161","18.00000","Hours","Freshwater Drum","362","Q-P","550","1"
"89969","EKCR","2021-10-22","GILL NET-CORE PANEL","Sample Grid #161","18.00000","Hours","Freshwater Drum","120","SS","","1"
"89968","EKCR","2021-10-22","GILL NET-CORE PANEL","Sample Grid #163","18.00000","Hours","Freshwater Drum","177","SS","78","1"
"89966","EKCR","2021-10-22","GILL NET-CORE PANEL","Sample Grid #84","18.00000","Hours","Freshwater Drum","401","P-M","830","1"
"89965","EKCR","2021-10-22","GILL NET-CORE PANEL","Sample Grid #109","18.00000","Hours","Freshwater Drum","376","Q-P","644","1"
"89965","EKCR","2021-10-22","GILL NET-CORE PANEL","Sample Grid #109","18.00000","Hours","Freshwater Drum","372","Q-P","664","1"
"89965","EKCR","2021-10-22","GILL NET-CORE PANEL","Sample Grid #109","18.00000","Hours","Freshwater Drum","190","SS","78","1"
"89965","EKCR","2021-10-22","GILL NET-CORE PANEL","Sample Grid #109","18.00000","Hours","Freshwater Drum","161","SS","38","1"
"89965","EKCR","2021-10-22","GILL NET-CORE PANEL","Sample Grid #109","18.00000","Hours","Freshwater Drum","143","SS","30","1"
"89956","JRDR","2021-10-26","GILL NET-CORE PANEL","Sample Grid #537","19.00000","Hours","Freshwater Drum","361","Q-P","556","1"
"89955","JRDR","2021-10-26","GILL NET-CORE PANEL","Sample Grid #466","19.00000","Hours","Freshwater Drum","196","SS","120","1"
"89955","JRDR","2021-10-26","GILL NET-CORE PANEL","Sample Grid #466","19.00000","Hours","Freshwater Drum","372","Q-P","610","1"
"89948","JRDR","2021-10-22","GILL NET-CORE PANEL","Sample Grid #576","19.25000","Hours","Freshwater Drum","185","SS","60","1"
"89937","EKCR","2021-10-21","GILL NET-CORE PANEL","Sample Grid #104","16.00000","Hours","Freshwater Drum","334","Q-P","406","1"
"89937","EKCR","2021-10-21","GILL NET-CORE PANEL","Sample Grid #104","16.00000","Hours","Freshwater Drum","390","P-M","736","1"
"89937","EKCR","2021-10-21","GILL NET-CORE PANEL","Sample Grid #104","16.00000","Hours","Freshwater Drum","352","Q-P","506","1"
"89937","EKCR","2021-10-21","GILL NET-CORE PANEL","Sample Grid #104","16.00000","Hours","Freshwater Drum","346","Q-P","512","1"
"89937","EKCR","2021-10-21","GILL NET-CORE PANEL","Sample Grid #104","16.00000","Hours","Freshwater Drum","295","S-Q","302","1"
"89936","EKCR","2021-10-21","GILL NET-CORE PANEL","Sample Grid #91","16.00000","Hours","Freshwater Drum","163","SS","42","1"
"89936","EKCR","2021-10-21","GILL NET-CORE PANEL","Sample Grid #91","16.00000","Hours","Freshwater Drum","148","SS","26","1"
"89935","EKCR","2021-10-21","GILL NET-CORE PANEL","Sample Grid #71","16.00000","Hours","Freshwater Drum","405","P-M","662","1"
"89935","EKCR","2021-10-21","GILL NET-CORE PANEL","Sample Grid #71","16.00000","Hours","Freshwater Drum","138","SS","24","1"
"89934","EKCR","2021-10-21","GILL NET-CORE PANEL","Sample Grid #80","16.00000","Hours","Freshwater Drum","238","S-Q","160","1"
"89934","EKCR","2021-10-21","GILL NET-CORE PANEL","Sample Grid #80","16.00000","Hours","Freshwater Drum","297","S-Q","318","1"
"89934","EKCR","2021-10-21","GILL NET-CORE PANEL","Sample Grid #80","16.00000","Hours","Freshwater Drum","171","SS","52","1"
"89933","EKCR","2021-10-21","GILL NET-CORE PANEL","Sample Grid #55","16.00000","Hours","Freshwater Drum","398","P-M","770","1"
"89882","GNCC","2021-10-19","GILL NET-CORE PANEL","Sample Grid #82","19.75000","Hours","Freshwater Drum","130","SS","","1"
"89878","GNCC","2021-10-19","GILL NET-CORE PANEL","Sample Grid #87","19.50000","Hours","Freshwater Drum","299","S-Q","260","1"
"89859","GNCC","2021-10-15","GILL NET-CORE PANEL","Sample Grid #200","19.75000","Hours","Freshwater Drum","316","Q-P","370","1"
"89858","GNCC","2021-10-15","GILL NET-CORE PANEL","Sample Grid #166","19.50000","Hours","Freshwater Drum","256","S-Q","290","1"
"89857","GNCC","2021-10-15","GILL NET-CORE PANEL","Sample Grid #134","19.25000","Hours","Freshwater Drum","310","Q-P","330","1"
"89857","GNCC","2021-10-15","GILL NET-CORE PANEL","Sample Grid #134","19.25000","Hours","Freshwater Drum","327","Q-P","370","1"
"89838","JFWA","2021-10-22","GILL NET-CORE PANEL","Sample Grid #8","24.00000","Hours","Freshwater Drum","188","SS","92","1"
"89819","JFWA","2021-10-22","GILL NET-CORE PANEL","Sample Grid #7","24.00000","Hours","Freshwater Drum","213","S-Q","114","1"
"89816","JFWA","2021-10-22","GILL NET-CORE PANEL","Sample Grid #38","24.00000","Hours","Freshwater Drum","148","SS","","1"
"89797","MARR","2021-10-22","GILL NET-CORE PANEL","Sample Grid #152","20.00000","Hours","Freshwater Drum","320","Q-P","367","1"
"89796","MARR","2021-10-22","GILL NET-CORE PANEL","Sample Grid #108","20.00000","Hours","Freshwater Drum","350","Q-P","490","1"
"89796","MARR","2021-10-22","GILL NET-CORE PANEL","Sample Grid #108","20.00000","Hours","Freshwater Drum","309","Q-P","323","1"
"89796","MARR","2021-10-22","GILL NET-CORE PANEL","Sample Grid #108","20.00000","Hours","Freshwater Drum","210","S-Q","99","1"
"89796","MARR","2021-10-22","GILL NET-CORE PANEL","Sample Grid #108","20.00000","Hours","Freshwater Drum","266","S-Q","194","1"
"89795","MARR","2021-10-22","GILL NET-CORE PANEL","Sample Grid #141","20.00000","Hours","Freshwater Drum","192","SS","70","1"
"89794","MARR","2021-10-22","GILL NET-CORE PANEL","Sample Grid #170","20.00000","Hours","Freshwater Drum","272","S-Q","201","1"
"89794","MARR","2021-10-22","GILL NET-CORE PANEL","Sample Grid #170","20.00000","Hours","Freshwater Drum","270","S-Q","219","1"
"89794","MARR","2021-10-22","GILL NET-CORE PANEL","Sample Grid #170","20.00000","Hours","Freshwater Drum","302","Q-P","375","1"
"89793","MARR","2021-10-22","GILL NET-CORE PANEL","Sample Grid #183","20.00000","Hours","Freshwater Drum","260","S-Q","188","1"
"89781","KANR","2021-10-22","GILL NET-CORE PANEL","Sample Grid #57","18.00000","Hours","Freshwater Drum","203","S-Q","70","1"
"89777","KANR","2021-10-22","GILL NET-CORE PANEL","Sample Grid #53","17.00000","Hours","Freshwater Drum","182","SS","49","1"
"89776","KANR","2021-10-22","GILL NET-CORE PANEL","Sample Grid #109","17.00000","Hours","Freshwater Drum","465","P-M","1286","1"
"89776","KANR","2021-10-22","GILL NET-CORE PANEL","Sample Grid #109","17.00000","Hours","Freshwater Drum","468","P-M","1150","1"
"89776","KANR","2021-10-22","GILL NET-CORE PANEL","Sample Grid #109","17.00000","Hours","Freshwater Drum","455","P-M","1037","1"
"89776","KANR","2021-10-22","GILL NET-CORE PANEL","Sample Grid #109","17.00000","Hours","Freshwater Drum","475","P-M","1321","1"
"89773","MARR","2021-10-21","GILL NET-CORE PANEL","Sample Grid #245","20.00000","Hours","Freshwater Drum","318","Q-P","321","1"
"89765","MARR","2021-10-21","GILL NET-CORE PANEL","Sample Grid #302","20.00000","Hours","Freshwater Drum","242","S-Q","152","1"
"89760","KANR","2021-10-21","GILL NET-CORE PANEL","Sample Grid #88","18.00000","Hours","Freshwater Drum","180","SS","","1"
"89760","KANR","2021-10-21","GILL NET-CORE PANEL","Sample Grid #88","18.00000","Hours","Freshwater Drum","245","S-Q","162","1"
"89760","KANR","2021-10-21","GILL NET-CORE PANEL","Sample Grid #88","18.00000","Hours","Freshwater Drum","185","SS","65","1"
"89759","KANR","2021-10-21","GILL NET-CORE PANEL","Sample Grid #68","18.00000","Hours","Freshwater Drum","135","SS","23","1"
"89755","MARR","2021-10-21","GILL NET-CORE PANEL","Sample Grid #319","20.00000","Hours","Freshwater Drum","220","S-Q","90","1"
"89743","MARR","2021-10-19","GILL NET-CORE PANEL","Sample Grid #204","20.00000","Hours","Freshwater Drum","200","S-Q","82","1"
"89743","MARR","2021-10-19","GILL NET-CORE PANEL","Sample Grid #204","20.00000","Hours","Freshwater Drum","351","Q-P","499","1"
"89743","MARR","2021-10-19","GILL NET-CORE PANEL","Sample Grid #204","20.00000","Hours","Freshwater Drum","209","S-Q","90","1"
"89737","MILR","2021-10-22","GILL NET-CORE PANEL","Sample Grid #648","20.00000","Hours","Freshwater Drum","333","Q-P","428","1"
"89736","MARR","2021-10-19","GILL NET-CORE PANEL","Sample Grid #132","20.00000","Hours","Freshwater Drum","354","Q-P","468","1"
"89729","GELR","2021-10-26","GILL NET-CORE PANEL","Sample Grid #510","21.00000","Hours","Freshwater Drum","390","P-M","724","1"
"89728","GELR","2021-10-26","GILL NET-CORE PANEL","Sample Grid #484","21.00000","Hours","Freshwater Drum","400","P-M","656","1"
"89698","GELR","2021-10-26","GILL NET-CORE PANEL","Sample Grid #535","21.00000","Hours","Freshwater Drum","140","SS","","1"
"89690","GELR","2021-10-26","GILL NET-CORE PANEL","Sample Grid #432","21.00000","Hours","Freshwater Drum","140","SS","","1"
"89665","TCRP","2021-10-09","GILL NET-CORE PANEL","Sample Grid #88","24.00000","Hours","Freshwater Drum","527","M-T","1577","1"
"89664","TCRP","2021-10-09","GILL NET-CORE PANEL","Sample Grid #34","24.00000","Hours","Freshwater Drum","228","S-Q","137","1"
"89663","TCRP","2021-10-09","GILL NET-CORE PANEL","Sample Grid #51","24.00000","Hours","Freshwater Drum","410","P-M","848","1"
"89575","M20B","2021-10-19","GILL NET-CORE PANEL","Sample Grid #15","17.00000","Hours","Freshwater Drum","373","Q-P","712","1"
"89541","HRCA","2021-10-14","GILL NET-CORE PANEL","Sample Grid #224","18.00000","Hours","Freshwater Drum","376","Q-P","505","1"
"89539","HRCA","2021-10-14","GILL NET-CORE PANEL","Sample Grid #202","18.00000","Hours","Freshwater Drum","147","SS","34","1"
"89539","HRCA","2021-10-14","GILL NET-CORE PANEL","Sample Grid #202","18.00000","Hours","Freshwater Drum","142","SS","33","1"
"89538","HRCA","2021-10-14","GILL NET-CORE PANEL","Sample Grid #114","18.00000","Hours","Freshwater Drum","391","P-M","590","1"
"89538","HRCA","2021-10-14","GILL NET-CORE PANEL","Sample Grid #114","18.00000","Hours","Freshwater Drum","336","Q-P","425","1"
"89538","HRCA","2021-10-14","GILL NET-CORE PANEL","Sample Grid #114","18.00000","Hours","Freshwater Drum","355","Q-P","430","1"
"89538","HRCA","2021-10-14","GILL NET-CORE PANEL","Sample Grid #114","18.00000","Hours","Freshwater Drum","221","S-Q","106","1"
"89408","MELR","2021-10-06","GILL NET-CORE PANEL","Sample Grid #751","18.00000","Hours","Freshwater Drum","390","P-M","730","1"
"89407","MELR","2021-10-06","GILL NET-CORE PANEL","Sample Grid #654","18.00000","Hours","Freshwater Drum","185","SS","70","1"
"89403","MELR","2021-10-05","GILL NET-CORE PANEL","Sample Grid #505","18.00000","Hours","Freshwater Drum","410","P-M","780","1"
"89399","MELR","2021-10-04","GILL NET-CORE PANEL","Sample Grid #188","18.00000","Hours","Freshwater Drum","426","P-M","906","1"
"89399","MELR","2021-10-04","GILL NET-CORE PANEL","Sample Grid #188","18.00000","Hours","Freshwater Drum","210","S-Q","98","1"
"89399","MELR","2021-10-04","GILL NET-CORE PANEL","Sample Grid #188","18.00000","Hours","Freshwater Drum","302","Q-P","337","1"
"89399","MELR","2021-10-04","GILL NET-CORE PANEL","Sample Grid #188","18.00000","Hours","Freshwater Drum","188","SS","70","1"
"89397","MELR","2021-10-04","GILL NET-CORE PANEL","Sample Grid #52","18.00000","Hours","Freshwater Drum","405","P-M","800","1"
"89397","MELR","2021-10-04","GILL NET-CORE PANEL","Sample Grid #52","18.00000","Hours","Freshwater Drum","273","S-Q","250","1"
"89396","MELR","2021-10-04","GILL NET-CORE PANEL","Sample Grid #45","18.00000","Hours","Freshwater Drum","305","Q-P","380","1"
"89396","MELR","2021-10-04","GILL NET-CORE PANEL","Sample Grid #45","18.00000","Hours","Freshwater Drum","387","P-M","750","1"
"89396","MELR","2021-10-04","GILL NET-CORE PANEL","Sample Grid #45","18.00000","Hours","Freshwater Drum","402","P-M","760","1"
"89396","MELR","2021-10-04","GILL NET-CORE PANEL","Sample Grid #45","18.00000","Hours","Freshwater Drum","352","Q-P","616","1"